xml_id	midi_id	track	channel	pitch	onset
n2-1	n0	1	0	53	0.8255208333333335
n14-1	deletion
n3-1	n1	1	0	60	0.9856770833333335
n6-1	n4	1	0	60	2.0572916666666665
n9-1	n8	1	0	64	3.0013020833333335
n4-1	n2	1	0	65	1.1601562500000002
n7-1	n6	1	0	65	2.536458333333333
n10-1	n7	1	0	67	2.9895833333333335
n5-1	n3	1	0	69	1.3958333333333335
n8-1	n5	1	0	69	2.5234374999999996
n15-1	n11	1	0	53	3.980468750000001
n13-1	deletion
n11-1	n9	1	0	62	3.4778645833333335
n17-1	n12	1	0	62	4.472656250000001
n12-1	n10	1	0	65	3.4778645833333335
n18-1	n13	1	0	65	4.477864583333334
n23-1	n18	1	0	53	5.821614583333332
n29-1	deletion
n21-1	n17	1	0	58	5.423177083333333
n19-1	n15	1	0	60	4.979166666666667
n22-1	n16	1	0	62	5.403645833333333
n20-1	n14	1	0	64	4.97265625
n31-1	n24	1	0	56	7.274739583333328
n26-1	n22	1	0	57	6.679687499999996
n24-1	n20	1	0	58	6.2812499999999964
n41-1	n23	1	0	59	7.261718749999995
n27-1	n21	1	0	60	6.671874999999996
n25-1	n19	1	0	62	6.26302083333333
n35-1	n28	1	0	49	8.624999999999995
n33-1	n27	1	0	50	8.180989583333327
n34-1	n26	1	0	53	8.160156249999993
n36-1	n29	1	0	53	8.656249999999995
n32-1	n25	1	0	55	7.76041666666666
n42-1	n30	1	0	58	8.763020833333327
n37-1	n32	1	0	48	9.242187499999991
n38-1	n31	1	0	52	9.235677083333325
n39-1	n35	1	0	52	9.677083333333329
n48-1	n36	1	0	53	10.29817708333333
n40-1	n33	1	0	55	9.671874999999995
n57-1	n37	1	0	57	10.308593749999996
n43-1	n34	1	0	60	9.673177083333329
n49-1	n38	1	0	53	10.850260416666664
n58-1	deletion
n52-1	n41	1	0	64	11.824218749999995
n50-1	n40	1	0	65	11.265624999999995
n53-1	n42	1	0	67	11.841145833333329
n51-1	n39	1	0	69	11.247395833333329
n46-1	n44	1	0	69	11.97135416666666
n47-1	n43	1	0	81	11.957031249999995
n56-1	n47	1	0	53	12.87760416666666
n78-1	n54	1	0	53	14.464843749999998
n72-1	deletion
n59-1	deletion
n54-1	n45	1	0	62	12.489583333333327
n66-1	n49	1	0	62	13.289062499999993
n55-1	n46	1	0	65	12.49088541666666
n67-1	n48	1	0	65	13.281249999999993
n70-1	n53	1	0	58	14.085937499999996
n68-1	n50	1	0	60	13.67057291666666
n71-1	n52	1	0	62	14.074218749999996
n69-1	n51	1	0	64	13.677083333333327
n62-1	n56	1	0	70	14.613281249999998
n63-1	n55	1	0	82	14.58723958333333
n87-1	n66	1	0	56	15.738281250000002
n75-1	n60	1	0	57	15.3515625
n73-1	n57	1	0	58	14.98828125
n94-1	n65	1	0	59	15.735677083333336
n76-1	n61	1	0	60	15.354166666666666
n74-1	n58	1	0	62	14.9921875
n64-1	n62	1	0	72	15.354166666666666
n79-1	n64	1	0	74	15.723958333333336
n65-1	n59	1	0	84	15.333333333333334
n80-1	n63	1	0	86	15.70963541666667
n91-1	n73	1	0	49	16.90364583333333
n89-1	n69	1	0	50	16.451822916666668
n90-1	n71	1	0	53	16.466145833333336
n88-1	n67	1	0	55	16.08984375
n95-1	n72	1	0	55	16.89713541666666
n96-1	n74	1	0	58	16.91276041666666
n83-1	n76	1	0	76	16.96744791666666
n81-1	n70	1	0	77	16.459635416666668
n84-1	n75	1	0	88	16.94270833333333
n82-1	n68	1	0	89	16.436197916666668
n92-1	n77	1	0	48	17.330729166666657
n93-1	n81	1	0	52	17.701822916666657
n102-1	n82	1	0	53	18.035156249999986
n111-1	n83	1	0	57	18.053385416666654
n97-1	n80	1	0	60	17.696614583333325
n85-1	n79	1	0	79	17.688802083333325
n98-1	n85	1	0	81	18.179687499999986
n86-1	n78	1	0	91	17.66536458333332
n99-1	n84	1	0	93	18.152343749999986
n103-1	n86	1	0	45	18.473958333333314
n112-1	deletion
n106-1	n89	1	0	52	19.244791666666643
n104-1	n88	1	0	53	18.82421874999998
n107-1	n90	1	0	55	19.25911458333331
n105-1	n87	1	0	57	18.822916666666647
n100-1	n92	1	0	81	19.389322916666643
n101-1	n91	1	0	93	19.367187499999975
n110-1	n95	1	0	45	20.217447916666632
n125-1	n98	1	0	45	20.97526041666662
n122-1	deletion
n113-1	deletion
n123-1	n97	1	0	49	20.60416666666663
n108-1	n94	1	0	50	19.865885416666636
n124-1	n96	1	0	52	20.602864583333297
n109-1	n93	1	0	53	19.852864583333304
n133-1	deletion
n128-1	n104	1	0	53	21.850260416666618
n126-1	n100	1	0	55	21.36458333333329
n129-1	n106	1	0	57	21.856770833333286
n127-1	n102	1	0	58	21.38802083333329
n116-1	n101	1	0	81	21.371093749999957
n118-1	n105	1	0	83	21.854166666666618
n117-1	n99	1	0	93	21.35677083333329
n119-1	n103	1	0	95	21.838541666666618
n132-1	n111	1	0	45	22.541666666666615
n134-1	deletion
n141-1	n113	1	0	50	22.841145833333282
n130-1	n108	1	0	52	22.223958333333282
n142-1	n112	1	0	53	22.837239583333282
n131-1	n107	1	0	55	22.220052083333282
n120-1	n110	1	0	85	22.539062499999947
n135-1	n115	1	0	86	22.907552083333282
n121-1	n109	1	0	97	22.523437499999947
n136-1	n114	1	0	98	22.891927083333282
n143-1	n116	1	0	38	23.256510416666615
n144-1	n117	1	0	55	23.614583333333282
n147-1	n120	1	0	57	24.21484374999995
n137-1	n119	1	0	88	23.65624999999995
n139-1	n122	1	0	89	24.321614583333282
n138-1	n118	1	0	100	23.64062499999995
n140-1	n121	1	0	101	24.30468749999995
n158-1	n125	1	0	47	25.524739583333265
n146-1	n124	1	0	48	25.16145833333327
n145-1	n123	1	0	50	24.77864583333328
n159-1	n130	1	0	43	26.785156249999925
n160-1	n131	1	0	47	26.842447916666593
n164-1	n134	1	0	53	26.96614583333326
n163-1	n127	1	0	55	26.354166666666597
n162-1	n126	1	0	56	25.95703124999993
n152-1	n133	1	0	86	26.95052083333326
n150-1	n129	1	0	88	26.424479166666597
n153-1	n132	1	0	98	26.93880208333326
n151-1	n128	1	0	100	26.407552083333265
n172-1	n143	1	0	36	28.76302083333324
n175-1	n146	1	0	52	29.238281249999908
n166-1	n140	1	0	53	28.231770833333243
n165-1	n138	1	0	55	27.575520833333254
n167-1	n145	1	0	84	29.22395833333324
n156-1	n142	1	0	86	28.589843749999908
n154-1	n139	1	0	88	27.622395833333254
n168-1	n144	1	0	96	29.207031249999908
n157-1	n141	1	0	98	28.566406249999908
n155-1	n136	1	0	100	27.511718749999922
n178-1	n150	1	0	54	30.470052083333233
n176-1	n147	1	0	55	29.963541666666572
n179-1	n149	1	0	57	30.436197916666565
n177-1	n148	1	0	58	29.980468749999904
n180-1	n151	1	0	58	30.910156249999897
n181-1	n152	1	0	62	30.912760416666565
n183-1	n155	1	0	52	32.213541666666565
n174-1	n154	1	0	53	31.81510416666656
n173-1	n153	1	0	55	31.40104166666656
n184-1	deletion
n185-1	n161	1	0	52	33.5416666666666
n192-1	deletion
n190-1	n159	1	0	57	33.23828124999992
n188-1	n157	1	0	58	32.69270833333324
n193-1	n163	1	0	59	33.673177083333265
n191-1	n158	1	0	60	33.21354166666659
n189-1	n156	1	0	61	32.66927083333324
n210-1	n173	1	0	53	35.48177083333327
n196-1	n167	1	0	55	34.748697916666615
n194-1	n164	1	0	57	34.1744791666666
n213-1	n171	1	0	57	35.47526041666661
n197-1	n166	1	0	58	34.736979166666615
n195-1	n165	1	0	60	34.179687499999936
n198-1	n168	1	0	77	35.014322916666615
n199-1	n169	1	0	84	35.127604166666615
n200-1	n170	1	0	89	35.27343749999994
n201-1	n172	1	0	93	35.47526041666661
n212-1	n180	1	0	41	36.876302083333286
n215-1	n178	1	0	57	36.85937499999995
n202-1	n174	1	0	81	35.98307291666661
n205-1	n179	1	0	88	36.864583333333286
n203-1	n176	1	0	89	36.404947916666615
n206-1	n177	1	0	91	36.85546874999995
n204-1	n175	1	0	93	36.36067708333328
n209-1	n183	1	0	77	37.77343749999996
n207-1	n182	1	0	86	37.38281249999995
n216-1	n184	1	0	86	38.1731770833333
n208-1	n181	1	0	89	37.356770833333286
n217-1	n185	1	0	89	38.175781249999964
n228-1	n191	1	0	53	39.37369791666667
n230-1	n190	1	0	58	39.34375
n222-1	n193	1	0	74	39.38281250000001
n223-1	n192	1	0	77	39.37890625000001
n220-1	n189	1	0	82	38.93749999999999
n218-1	n187	1	0	84	38.54166666666664
n221-1	n188	1	0	86	38.91536458333332
n219-1	n186	1	0	88	38.53255208333331
n244-1	n199	1	0	56	40.50260416666669
n231-1	n196	1	0	60	40.076822916666686
n247-1	n200	1	0	62	40.51692708333336
n232-1	n202	1	0	77	40.52994791666669
n226-1	n198	1	0	81	40.13411458333335
n224-1	n194	1	0	82	39.72526041666668
n238-1	n201	1	0	83	40.51822916666669
n227-1	n197	1	0	84	40.100260416666686
n225-1	n195	1	0	86	39.734375000000014
n246-1	n208	1	0	48	41.52604166666671
n245-1	n207	1	0	55	41.214843750000036
n249-1	n212	1	0	64	41.648437500000036
n248-1	n205	1	0	65	41.183593750000036
n234-1	n206	1	0	71	41.2096354166667
n235-1	n211	1	0	73	41.64192708333337
n233-1	n203	1	0	74	40.8619791666667
n239-1	n204	1	0	79	41.180989583333364
n240-1	n210	1	0	79	41.640625000000036
n241-1	n209	1	0	82	41.61067708333337
n261-1	n221	1	0	53	42.84895833333337
n250-1	n216	1	0	67	42.364583333333364
n263-1	n218	1	0	69	42.83463541666671
n237-1	n214	1	0	70	42.160156250000036
n236-1	n213	1	0	72	41.98307291666671
n242-1	n215	1	0	76	42.286458333333364
n251-1	n220	1	0	77	42.847656250000036
n252-1	n219	1	0	81	42.83723958333337
n243-1	n217	1	0	84	42.3893229166667
n262-1	n227	1	0	41	44.10546875000005
n264-1	n226	1	0	57	44.08593750000005
n253-1	n223	1	0	69	43.25911458333338
n256-1	n229	1	0	76	44.11067708333338
n254-1	n225	1	0	77	43.62239583333338
n257-1	n228	1	0	79	44.108072916666714
n255-1	n224	1	0	81	43.615885416666714
n260-1	n232	1	0	65	44.96354166666672
n258-1	n231	1	0	74	44.60937500000005
n265-1	n233	1	0	74	45.33333333333339
n259-1	n230	1	0	77	44.57421875000005
n266-1	n234	1	0	77	45.33854166666673
n277-1	n242	1	0	53	46.558593750000064
n279-1	n239	1	0	58	46.53645833333339
n271-1	n241	1	0	62	46.55729166666673
n272-1	n240	1	0	65	46.54557291666673
n269-1	n238	1	0	70	46.089843750000064
n267-1	n235	1	0	72	45.70312500000006
n270-1	n237	1	0	74	46.06510416666673
n268-1	n236	1	0	76	45.70442708333339
n292-1	n249	1	0	56	47.675781250000064
n280-1	n245	1	0	60	47.295572916666735
n297-1	n248	1	0	62	47.6692708333334
n281-1	n251	1	0	65	47.7044270833334
n275-1	n247	1	0	69	47.3177083333334
n273-1	n243	1	0	70	46.9231770833334
n288-1	n250	1	0	71	47.6966145833334
n276-1	n246	1	0	72	47.2981770833334
n274-1	n244	1	0	74	46.94010416666673
n295-1	n260	1	0	49	48.937500000000085
n294-1	n255	1	0	50	48.41145833333341
n299-1	n261	1	0	52	48.960937500000085
n298-1	n254	1	0	53	48.37760416666674
n293-1	n253	1	0	55	48.04557291666674
n283-1	n257	1	0	59	48.49739583333341
n282-1	n252	1	0	62	48.04427083333341
n289-1	n256	1	0	67	48.46614583333341
n284-1	n259	1	0	67	48.93229166666675
n290-1	n258	1	0	70	48.91536458333342
n296-1	n269	1	0	48	49.86197916666676
n313-1	n270	1	0	53	50.4804687500001
n300-1	n262	1	0	55	49.33072916666676
n316-1	n271	1	0	57	50.4960937500001
n286-1	n264	1	0	58	49.58203125000009
n301-1	n267	1	0	60	49.84375000000009
n285-1	n263	1	0	64	49.33984375000009
n287-1	n265	1	0	64	49.69270833333343
n302-1	n273	1	0	65	50.51432291666677
n311-1	n272	1	0	69	50.501302083333435
n291-1	n268	1	0	72	49.85937500000009
n314-1	n277	1	0	29	52.12890625000011
n315-1	n278	1	0	41	52.13411458333344
n303-1	n274	1	0	57	51.19140625000011
n306-1	n281	1	0	61	52.29947916666678
n304-1	n276	1	0	63	51.61979166666678
n307-1	n280	1	0	65	52.261718750000114
n305-1	n275	1	0	66	51.60807291666678
n312-1	n279	1	0	69	52.24479166666678
n310-1	n284	1	0	57	53.21093750000012
n308-1	n283	1	0	60	52.830729166666785
n317-1	n286	1	0	60	53.60937500000012
n309-1	n282	1	0	63	52.81250000000012
n318-1	n285	1	0	63	53.561197916666785
n333-1	n290	1	0	29	54.6432291666668
n334-1	n291	1	0	41	54.6822916666668
n319-1	n287	1	0	57	53.920572916666785
n322-1	n294	1	0	61	54.81770833333347
n320-1	n289	1	0	63	54.31901041666679
n323-1	n293	1	0	65	54.79817708333347
n321-1	n288	1	0	66	54.26692708333346
n328-1	n292	1	0	69	54.7838541666668
n326-1	n297	1	0	57	55.61718750000014
n324-1	n296	1	0	60	55.30078125000014
n325-1	n295	1	0	63	55.26171875000014
n335-1	n299	1	0	63	56.00651041666681
n336-1	n300	1	0	66	56.01302083333348
n346-1	n298	1	0	70	55.99479166666681
n353-1	n304	1	0	29	57.01432291666683
n354-1	n305	1	0	41	57.02083333333349
n339-1	n303	1	0	58	56.69401041666683
n337-1	n302	1	0	61	56.38541666666682
n340-1	n308	1	0	63	57.13020833333349
n338-1	n301	1	0	65	56.376302083333485
n341-1	n309	1	0	66	57.13411458333349
n347-1	n307	1	0	69	57.12760416666683
n348-1	n306	1	0	72	57.109375000000156
n344-1	n313	1	0	60	57.88281250000017
n342-1	n310	1	0	61	57.483072916666835
n355-1	n316	1	0	61	58.51302083333351
n345-1	n312	1	0	63	57.876302083333506
n343-1	n311	1	0	65	57.490885416666835
n356-1	n317	1	0	65	58.51822916666685
n367-1	n315	1	0	70	58.50390625000018
n368-1	n314	1	0	73	58.48307291666684
n374-1	n320	1	0	29	59.65885416666687
n376-1	n324	1	0	30	60.07942708333354
n375-1	n322	1	0	41	59.69010416666687
n377-1	n325	1	0	42	60.093750000000206
n359-1	n321	1	0	58	59.66666666666687
n361-1	n323	1	0	58	60.04557291666688
n357-1	n319	1	0	60	59.18750000000019
n360-1	deletion
n362-1	deletion
n358-1	n318	1	0	63	59.174479166666856
n378-1	n330	1	0	31	60.790364583333535
n394-1	n334	1	0	32	61.34635416666687
n379-1	n329	1	0	43	60.782552083333535
n396-1	n335	1	0	44	61.351562500000206
n363-1	n328	1	0	60	60.43229166666686
n365-1	n333	1	0	61	60.8828125000002
n380-1	n338	1	0	61	61.42838541666688
n364-1	n327	1	0	63	60.419270833333535
n366-1	n332	1	0	64	60.8476562500002
n381-1	n337	1	0	65	61.42057291666688
n371-1	n331	1	0	70	60.8359375000002
n390-1	n336	1	0	70	61.40885416666688
n370-1	n326	1	0	72	60.41276041666687
n395-1	n344	1	0	32	62.45963541666692
n397-1	n340	1	0	49	62.13411458333357
n398-1	n348	1	0	50	62.67447916666692
n382-1	n339	1	0	56	61.837239583333556
n385-1	n347	1	0	59	62.606770833333584
n383-1	n342	1	0	61	62.22786458333358
n384-1	n343	1	0	65	62.24088541666691
n386-1	n346	1	0	65	62.602864583333584
n391-1	n341	1	0	68	62.19140625000024
n392-1	n345	1	0	70	62.58593750000025
n412-1	n355	1	0	32	63.53645833333361
n399-1	n351	1	0	44	63.1380208333336
n415-1	n359	1	0	51	63.82031250000027
n387-1	n350	1	0	56	62.941406250000256
n388-1	n354	1	0	59	63.34114583333361
n400-1	n357	1	0	60	63.794270833333606
n389-1	n353	1	0	65	63.290364583333606
n401-1	n358	1	0	66	63.817708333333606
n393-1	n352	1	0	68	63.27604166666694
n409-1	n356	1	0	70	63.76953125000028
n416-1	n362	1	0	44	64.63020833333357
n417-1	n366	1	0	48	65.1236979166669
n402-1	n361	1	0	56	64.27343750000026
n420-1	n367	1	0	56	65.14192708333357
n403-1	n364	1	0	60	64.69661458333357
n411-1	n363	1	0	66	64.68359375000024
n404-1	n365	1	0	66	65.1119791666669
n410-1	n360	1	0	68	64.23567708333358
n414-1	n373	1	0	32	65.98697916666684
n428-1	n378	1	0	37	66.60677083333353
n418-1	n370	1	0	44	65.57161458333353
n429-1	n379	1	0	44	66.69270833333353
n419-1	n375	1	0	48	66.20833333333353
n430-1	n380	1	0	49	66.86197916666686
n427-1	n382	1	0	53	66.8984375000002
n421-1	n372	1	0	54	65.6015625000002
n423-1	n376	1	0	56	66.20963541666686
n424-1	n381	1	0	61	66.89322916666687
n408-1	n374	1	0	63	66.18098958333353
n407-1	n371	1	0	65	65.5742187500002
n406-1	n369	1	0	66	65.47265625000021
n405-1	n368	1	0	68	65.37630208333356
n439-1	n383	1	0	49	67.46875000000017
n431-1	deletion
n434-1	n386	1	0	60	68.46354166666687
n432-1	n385	1	0	61	67.87239583333353
n435-1	n387	1	0	63	68.50520833333354
n433-1	n384	1	0	65	67.85286458333353
n425-1	n389	1	0	65	68.60286458333354
n426-1	n388	1	0	77	68.58333333333354
n440-1	n392	1	0	49	69.52604166666687
n453-1	n399	1	0	49	71.0468750000002
n471-1	n412	1	0	49	72.50651041666677
n459-1	deletion
n438-1	deletion
n436-1	n391	1	0	58	69.13932291666688
n447-1	n393	1	0	58	69.89973958333356
n437-1	n390	1	0	61	69.13802083333356
n448-1	n394	1	0	61	69.91145833333356
n451-1	n398	1	0	54	70.65234375000021
n449-1	n395	1	0	56	70.30208333333354
n452-1	n397	1	0	58	70.64583333333354
n450-1	n396	1	0	60	70.30989583333354
n443-1	n401	1	0	66	71.11328125000018
n444-1	n400	1	0	78	71.10546875000018
n477-1	n410	1	0	52	72.19661458333346
n456-1	n407	1	0	53	71.83203125000016
n454-1	n403	1	0	54	71.50651041666683
n478-1	n411	1	0	55	72.19921875000013
n457-1	n406	1	0	56	71.82161458333348
n455-1	n402	1	0	58	71.4817708333335
n445-1	n405	1	0	68	71.81901041666681
n460-1	n409	1	0	70	72.17968750000013
n446-1	n404	1	0	80	71.79817708333348
n461-1	n408	1	0	82	72.16145833333346
n473-1	n417	1	0	45	73.27473958333341
n472-1	n413	1	0	46	72.81770833333344
n474-1	n416	1	0	51	73.26953125000009
n479-1	n418	1	0	54	73.28385416666674
n464-1	n420	1	0	72	73.31640625000009
n462-1	n415	1	0	73	72.86067708333344
n465-1	n419	1	0	84	73.29817708333341
n463-1	n414	1	0	85	72.83203125000011
n475-1	n422	1	0	44	73.72656250000007
n476-1	n424	1	0	48	74.04427083333337
n487-1	n428	1	0	49	74.39322916666669
n496-1	n429	1	0	53	74.39973958333336
n480-1	n425	1	0	56	74.06770833333337
n466-1	n423	1	0	75	73.7317708333334
n481-1	n431	1	0	77	74.48697916666669
n468-1	n427	1	0	80	74.08723958333337
n467-1	n421	1	0	87	73.7083333333334
n482-1	n430	1	0	89	74.47526041666669
n469-1	n426	1	0	92	74.06770833333337
n488-1	n432	1	0	37	74.83072916666667
n497-1	deletion
n491-1	n435	1	0	48	75.63932291666666
n489-1	n433	1	0	49	75.17578125
n492-1	n436	1	0	51	75.64843749999999
n490-1	n434	1	0	53	75.17708333333333
n485-1	n438	1	0	77	75.73437499999999
n486-1	n437	1	0	89	75.72395833333331
n498-1	n441	1	0	37	76.59114583333329
n511-1	n448	1	0	37	78.11848958333327
n536-1	n462	1	0	37	79.59895833333321
n517-1	deletion
n495-1	deletion
n493-1	n439	1	0	46	76.22916666666663
n505-1	n443	1	0	46	76.97265624999996
n494-1	n440	1	0	49	76.2434895833333
n506-1	n442	1	0	49	76.97005208333329
n509-1	n447	1	0	42	77.6979166666666
n507-1	n444	1	0	44	77.34765624999994
n510-1	n446	1	0	46	77.67708333333327
n508-1	n445	1	0	48	77.35156249999994
n501-1	n450	1	0	78	78.21614583333327
n502-1	n449	1	0	90	78.19140624999994
n526-1	n460	1	0	40	79.2812499999999
n514-1	n457	1	0	41	78.96874999999991
n512-1	n453	1	0	42	78.5924479166666
n527-1	n461	1	0	43	79.2851562499999
n515-1	n456	1	0	44	78.93229166666659
n513-1	n452	1	0	46	78.58593749999993
n503-1	n455	1	0	80	78.93098958333326
n518-1	n459	1	0	82	79.2734374999999
n504-1	n454	1	0	92	78.90755208333326
n519-1	n458	1	0	94	79.26302083333324
n533-1	n471	1	0	37	80.63541666666656
n528-1	deletion
n530-1	n470	1	0	39	80.35286458333323
n531-1	n469	1	0	42	80.3398437499999
n532-1	n468	1	0	45	80.33723958333323
n529-1	n464	1	0	46	79.95833333333321
n522-1	n467	1	0	84	80.32291666666656
n520-1	n465	1	0	85	79.95833333333321
n523-1	n466	1	0	96	80.31119791666656
n521-1	n463	1	0	97	79.94270833333321
n544-1	n476	1	0	37	81.44791666666652
n537-1	deletion
n534-1	n473	1	0	44	81.02213541666654
n535-1	n475	1	0	48	81.03124999999987
n524-1	n474	1	0	87	81.02343749999987
n538-1	n478	1	0	89	81.56640624999986
n525-1	n472	1	0	99	81.01432291666654
n539-1	n477	1	0	101	81.55598958333319
n546-1	n479	1	0	41	81.97786458333319
n554-1	deletion
n549-1	n483	1	0	48	82.83723958333314
n547-1	n481	1	0	49	82.38020833333316
n550-1	n482	1	0	51	82.83203124999982
n548-1	n480	1	0	53	82.37890624999983
n542-1	n485	1	0	89	82.97526041666647
n543-1	n484	1	0	101	82.96744791666647
n555-1	n488	1	0	41	83.75911458333313
n564-1	deletion
n572-1	n491	1	0	41	84.4075520833331
n553-1	deletion
n562-1	n490	1	0	45	84.07812499999979
n551-1	n486	1	0	46	83.42578124999979
n563-1	n489	1	0	48	84.06770833333313
n552-1	n487	1	0	49	83.42578124999979
n567-1	n495	1	0	49	85.12109374999979
n565-1	n493	1	0	51	84.7356770833331
n568-1	n494	1	0	53	85.11848958333312
n566-1	n492	1	0	54	84.72526041666643
n559-1	n497	1	0	89	85.22526041666646
n560-1	n496	1	0	101	85.21874999999979
n571-1	n500	1	0	41	85.93619791666644
n573-1	deletion
n579-1	deletion
n580-1	n501	1	0	46	86.2825520833331
n569-1	n498	1	0	48	85.60156249999979
n581-1	n502	1	0	49	86.2864583333331
n570-1	n499	1	0	51	85.60807291666646
n590-1	n503	1	0	53	86.62109374999976
n582-1	deletion
n585-1	n507	1	0	60	87.33593749999974
n583-1	n504	1	0	61	86.94921874999976
n586-1	n506	1	0	63	87.33463541666642
n584-1	n505	1	0	65	86.94921874999976
n577-1	n509	1	0	77	87.4166666666664
n578-1	n508	1	0	89	87.40364583333307
n589-1	n512	1	0	53	88.11588541666637
n600-1	deletion
n607-1	n515	1	0	53	88.79296874999969
n591-1	deletion
n598-1	n514	1	0	57	88.4609374999997
n587-1	n511	1	0	58	87.78385416666639
n599-1	n513	1	0	60	88.45572916666637
n588-1	n510	1	0	61	87.77994791666639
n603-1	deletion
n601-1	deletion
n604-1	n519	1	0	61	89.63671874999962
n602-1	n516	1	0	63	89.192708333333
n595-1	n521	1	0	77	89.71354166666629
n596-1	n520	1	0	89	89.69921874999962
n608-1	n524	1	0	53	90.52864583333296
n605-1	deletion
n606-1	n523	1	0	60	90.15755208333296
n613-1	n526	1	0	60	90.88411458333293
n614-1	n525	1	0	63	90.87760416666626
n622-1	n529	1	0	53	91.53385416666625
n615-1	n528	1	0	58	91.25520833333293
n617-1	n532	1	0	58	91.8958333333329
n616-1	n527	1	0	61	91.24348958333293
n618-1	n533	1	0	61	91.89843749999957
n611-1	n531	1	0	65	91.8763020833329
n612-1	n530	1	0	77	91.87109374999957
n623-1	n536	1	0	41	92.67968749999957
n619-1	n534	1	0	57	92.26822916666623
n628-1	n538	1	0	57	93.09244791666623
n620-1	n535	1	0	60	92.2747395833329
n629-1	n537	1	0	60	93.08463541666623
n636-1	n541	1	0	53	93.9374999999995
n630-1	n540	1	0	55	93.5221354166662
n631-1	n539	1	0	58	93.48958333333287
n632-1	n544	1	0	60	94.42057291666616
n633-1	n545	1	0	63	94.42708333333283
n626-1	n543	1	0	65	94.3984374999995
n627-1	n542	1	0	77	94.39192708333283
n637-1	n549	1	0	41	95.7864583333328
n654-1	n555	1	0	53	97.2669270833328
n634-1	n548	1	0	58	94.98046874999946
n660-1	n551	1	0	60	97.2395833333328
n635-1	n547	1	0	61	94.96874999999946
n661-1	n554	1	0	65	97.26171874999947
n638-1	n552	1	0	69	97.25390624999947
n639-1	n553	1	0	77	97.25781249999947
n640-1	n550	1	0	81	97.22916666666613
n655-1	n559	1	0	53	97.90624999999945
n656-1	n565	1	0	53	98.38932291666609
n657-1	n568	1	0	53	98.7109374999994
n662-1	n558	1	0	60	97.88541666666612
n663-1	n563	1	0	60	98.35677083333276
n665-1	n569	1	0	64	98.7109374999994
n664-1	n564	1	0	65	98.38541666666609
n666-1	n571	1	0	67	98.74869791666607
n641-1	n557	1	0	69	97.88151041666612
n643-1	n561	1	0	69	98.33723958333276
n646-1	n567	1	0	70	98.70963541666607
n642-1	n556	1	0	72	97.87499999999945
n644-1	n562	1	0	72	98.35416666666609
n647-1	n570	1	0	73	98.7265624999994
n648-1	n566	1	0	79	98.70052083333275
n645-1	n560	1	0	81	98.33072916666609
n658-1	n577	1	0	53	99.09765624999937
n659-1	n581	1	0	53	99.42838541666602
n687-1	n587	1	0	53	99.74348958333266
n667-1	n575	1	0	62	99.07942708333272
n669-1	n580	1	0	62	99.40755208333269
n693-1	n584	1	0	62	99.71354166666599
n668-1	n576	1	0	65	99.08593749999937
n652-1	n579	1	0	65	99.39453124999936
n694-1	n586	1	0	65	99.71744791666599
n670-1	n585	1	0	68	99.71614583333266
n649-1	n574	1	0	70	99.07291666666605
n653-1	n578	1	0	70	99.36588541666603
n671-1	n583	1	0	71	99.70963541666599
n650-1	n573	1	0	74	99.06770833333272
n651-1	n572	1	0	77	99.05338541666605
n672-1	n582	1	0	77	99.69270833333266
n688-1	n590	1	0	53	100.05208333333265
n689-1	n596	1	0	53	100.36067708333265
n690-1	n602	1	0	53	100.6614583333326
n697-1	n597	1	0	58	100.3710937499993
n699-1	n603	1	0	58	100.6614583333326
n695-1	n589	1	0	60	100.04427083333265
n698-1	n598	1	0	62	100.3710937499993
n679-1	n601	1	0	62	100.6458333333326
n696-1	n593	1	0	64	100.05729166666598
n676-1	n599	1	0	65	100.37630208333263
n680-1	n600	1	0	65	100.6341145833326
n673-1	n591	1	0	69	100.05468749999932
n677-1	n595	1	0	70	100.33203124999932
n674-1	n592	1	0	72	100.05598958333265
n678-1	n594	1	0	74	100.32421874999932
n675-1	n588	1	0	76	100.02213541666598
n691-1	n609	1	0	53	100.98567708333259
n692-1	n614	1	0	53	101.32682291666593
n719-1	n618	1	0	53	101.70963541666593
n720-1	n616	1	0	56	101.6966145833326
n702-1	deletion
n700-1	n608	1	0	58	100.98307291666592
n731-1	n619	1	0	59	101.7122395833326
n703-1	n613	1	0	60	101.3098958333326
n701-1	n607	1	0	62	100.96223958333259
n681-1	n606	1	0	65	100.95572916666592
n684-1	n611	1	0	65	101.29296874999926
n704-1	n620	1	0	65	101.74088541666593
n705-1	n617	1	0	68	101.70182291666593
n685-1	n612	1	0	69	101.29557291666593
n682-1	n605	1	0	70	100.94401041666592
n716-1	n615	1	0	71	101.6848958333326
n686-1	n610	1	0	72	101.27473958333259
n683-1	n604	1	0	74	100.93229166666592
n725-1	n634	1	0	49	102.75781249999925
n723-1	n626	1	0	50	102.3294270833326
n721-1	n624	1	0	52	102.00781249999926
n724-1	n628	1	0	53	102.33854166666595
n726-1	n630	1	0	53	102.73697916666592
n722-1	n621	1	0	55	101.98307291666593
n732-1	n632	1	0	58	102.75260416666592
n710-1	n631	1	0	61	102.74739583333259
n708-1	n627	1	0	62	102.33593749999928
n706-1	n623	1	0	64	101.99088541666593
n709-1	n625	1	0	65	102.3216145833326
n711-1	n633	1	0	65	102.75260416666592
n707-1	n622	1	0	67	101.9895833333326
n717-1	n629	1	0	70	102.71093749999926
n727-1	n638	1	0	48	103.10937499999925
n728-1	n637	1	0	52	103.10156249999925
n729-1	n641	1	0	52	103.49999999999922
n749-1	n648	1	0	53	103.97265624999922
n730-1	n644	1	0	55	103.52343749999922
n754-1	n647	1	0	57	103.97005208333255
n712-1	n636	1	0	60	103.09895833333258
n733-1	n643	1	0	60	103.51562499999922
n713-1	n635	1	0	64	103.0807291666659
n714-1	n642	1	0	64	103.50781249999922
n734-1	n646	1	0	65	103.96874999999922
n715-1	n640	1	0	67	103.49739583333256
n748-1	n645	1	0	69	103.94531249999922
n718-1	n639	1	0	72	103.48046874999923
n750-1	n652	1	0	53	104.51692708333253
n751-1	n657	1	0	53	104.92447916666585
n752-1	n660	1	0	53	105.28776041666585
n755-1	n651	1	0	60	104.5117187499992
n756-1	n654	1	0	60	104.90624999999919
n758-1	n661	1	0	64	105.28776041666585
n757-1	n658	1	0	65	104.92838541666585
n759-1	n664	1	0	67	105.32031249999918
n735-1	n650	1	0	69	104.49479166666588
n737-1	n656	1	0	69	104.91927083333252
n740-1	n663	1	0	70	105.30078124999918
n736-1	n649	1	0	72	104.48697916666588
n738-1	n655	1	0	72	104.90755208333252
n741-1	n662	1	0	73	105.29557291666585
n742-1	n659	1	0	79	105.27213541666585
n739-1	n653	1	0	81	104.88671874999919
n753-1	n674	1	0	53	105.94791666666582
n760-1	n668	1	0	62	105.60807291666583
n762-1	n673	1	0	62	105.93229166666582
n786-1	n678	1	0	62	106.24869791666582
n761-1	n669	1	0	65	105.61197916666583
n746-1	n672	1	0	65	105.90364583333249
n787-1	n679	1	0	65	106.25651041666582
n763-1	n677	1	0	68	106.23307291666582
n743-1	n667	1	0	70	105.60546874999916
n747-1	n671	1	0	70	105.89062499999916
n764-1	n676	1	0	71	106.22526041666582
n744-1	n666	1	0	74	105.59635416666583
n745-1	n665	1	0	77	105.58463541666583
n765-1	n675	1	0	77	106.21874999999915
n781-1	n682	1	0	53	106.55208333333249
n782-1	n690	1	0	53	106.85937499999918
n783-1	n696	1	0	53	107.18749999999916
n790-1	n691	1	0	58	106.85937499999918
n792-1	n695	1	0	58	107.1653645833325
n788-1	n684	1	0	60	106.55598958333249
n791-1	n692	1	0	62	106.85937499999918
n772-1	n694	1	0	62	107.15494791666583
n789-1	n685	1	0	64	106.55598958333249
n769-1	n689	1	0	65	106.84244791666583
n773-1	n693	1	0	65	107.1458333333325
n766-1	n683	1	0	69	106.55208333333249
n770-1	n688	1	0	70	106.82552083333249
n767-1	n686	1	0	72	106.55598958333249
n771-1	n687	1	0	74	106.81901041666582
n768-1	n681	1	0	76	106.53645833333249
n784-1	n702	1	0	53	107.51171874999915
n785-1	n707	1	0	53	107.80989583333248
n812-1	n712	1	0	53	108.16015624999912
n813-1	n713	1	0	56	108.16015624999912
n795-1	n708	1	0	57	107.80989583333248
n793-1	n700	1	0	58	107.49479166666582
n824-1	n711	1	0	59	108.15624999999912
n796-1	n705	1	0	60	107.78515624999915
n794-1	n701	1	0	62	107.49479166666582
n774-1	n699	1	0	65	107.47916666666582
n777-1	n706	1	0	65	107.78645833333248
n797-1	n714	1	0	65	108.16015624999912
n798-1	n710	1	0	68	108.13802083333245
n778-1	n704	1	0	69	107.76692708333248
n775-1	n698	1	0	70	107.46354166666582
n809-1	n709	1	0	71	108.11588541666579
n779-1	n703	1	0	72	107.7565104166658
n776-1	n697	1	0	74	107.45833333333249
n818-1	n729	1	0	49	109.18619791666575
n816-1	n723	1	0	50	108.75651041666578
n814-1	n717	1	0	52	108.41536458333246
n817-1	n721	1	0	53	108.74739583333243
n819-1	n725	1	0	53	109.14713541666575
n815-1	n716	1	0	55	108.38541666666579
n825-1	n726	1	0	58	109.17578124999908
n803-1	n728	1	0	61	109.18359374999908
n801-1	n722	1	0	62	108.75260416666578
n799-1	n719	1	0	64	108.42317708333246
n802-1	n720	1	0	65	108.72526041666576
n804-1	n727	1	0	65	109.17968749999908
n800-1	n718	1	0	67	108.41536458333246
n810-1	n724	1	0	70	109.14192708333242
n820-1	n732	1	0	48	109.52864583333242
n821-1	n731	1	0	52	109.52343749999909
n822-1	n736	1	0	52	109.98697916666575
n844-1	n742	1	0	53	110.59244791666573
n823-1	n738	1	0	55	110.00390624999908
n855-1	n743	1	0	57	110.59374999999906
n805-1	n733	1	0	60	109.54296874999909
n826-1	n737	1	0	60	109.99088541666575
n806-1	n730	1	0	64	109.50260416666575
n807-1	n739	1	0	64	110.00911458333242
n827-1	n741	1	0	65	110.5833333333324
n808-1	n735	1	0	67	109.97916666666575
n838-1	n740	1	0	69	110.56510416666573
n811-1	n734	1	0	72	109.96874999999908
n845-1	n747	1	0	45	111.49609374999903
n847-1	n750	1	0	45	112.06119791666568
n849-1	n757	1	0	45	112.47916666666566
n846-1	n746	1	0	57	111.4947916666657
n848-1	n751	1	0	57	112.06380208333235
n850-1	n755	1	0	57	112.45703124999899
n832-1	n756	1	0	62	112.46484374999899
n830-1	n752	1	0	64	112.07291666666568
n828-1	n745	1	0	66	111.4752604166657
n833-1	n754	1	0	66	112.43489583333232
n831-1	n749	1	0	67	112.04557291666568
n829-1	n744	1	0	69	111.4596354166657
n839-1	n748	1	0	69	112.02864583333235
n841-1	n753	1	0	69	112.42317708333232
n842-1	n758	1	0	69	112.77213541666565
n840-1	deletion
n851-1	n762	1	0	45	112.81901041666566
n853-1	n767	1	0	45	113.17447916666566
n872-1	n772	1	0	45	113.52604166666563
n852-1	n761	1	0	57	112.81249999999899
n854-1	n766	1	0	57	113.13671874999899
n873-1	n770	1	0	57	113.5052083333323
n856-1	n771	1	0	61	113.52213541666563
n836-1	n765	1	0	62	113.13020833333232
n834-1	n760	1	0	64	112.79557291666565
n857-1	n769	1	0	64	113.48828124999898
n837-1	n764	1	0	66	113.11588541666565
n835-1	n759	1	0	67	112.79036458333232
n843-1	n763	1	0	69	113.11197916666565
n866-1	n768	1	0	69	113.48046874999898
n874-1	n776	1	0	45	113.9479166666656
n876-1	n779	1	0	45	114.32682291666559
n878-1	n785	1	0	45	114.67317708333226
n875-1	n775	1	0	57	113.94531249999893
n877-1	n778	1	0	57	114.32552083333226
n879-1	n784	1	0	57	114.66276041666559
n860-1	n783	1	0	64	114.65755208333226
n859-1	n780	1	0	66	114.32682291666559
n858-1	n774	1	0	67	113.9322916666656
n861-1	n781	1	0	67	114.64973958333226
n868-1	n777	1	0	69	114.30598958333226
n869-1	n782	1	0	69	114.64973958333226
n867-1	n773	1	0	71	113.9166666666656
n880-1	n788	1	0	45	114.99088541666559
n882-1	n794	1	0	45	115.3046874999989
n906-1	n799	1	0	45	115.67578124999888
n881-1	n789	1	0	57	114.99088541666559
n883-1	n792	1	0	57	115.3007812499989
n907-1	n797	1	0	57	115.65885416666555
n884-1	n798	1	0	62	115.66015624999888
n864-1	n793	1	0	64	115.30208333333223
n862-1	n787	1	0	66	114.96484374999892
n885-1	n796	1	0	66	115.64583333333222
n865-1	n791	1	0	67	115.29817708333223
n863-1	n786	1	0	69	114.95442708333225
n871-1	n790	1	0	69	115.29036458333223
n905-1	n795	1	0	69	115.63151041666555
n870-1	deletion
n908-1	n803	1	0	33	116.1601562499989
n910-1	n809	1	0	33	116.5429687499989
n912-1	n816	1	0	33	116.91536458333222
n909-1	n804	1	0	45	116.18619791666556
n911-1	n807	1	0	45	116.5351562499989
n913-1	n814	1	0	45	116.89713541666555
n886-1	n802	1	0	57	116.13802083333223
n889-1	n806	1	0	57	116.5312499999989
n893-1	n813	1	0	57	116.88411458333222
n894-1	n815	1	0	62	116.89713541666555
n890-1	n808	1	0	64	116.53776041666558
n887-1	n801	1	0	65	116.12630208333223
n895-1	n812	1	0	65	116.87890624999889
n891-1	n810	1	0	67	116.55729166666556
n888-1	n800	1	0	69	116.11848958333223
n892-1	n805	1	0	69	116.5195312499989
n896-1	n811	1	0	69	116.86458333333222
n914-1	n822	1	0	33	117.26822916666553
n916-1	n827	1	0	33	117.56380208333222
n939-1	n834	1	0	33	117.95182291666553
n915-1	n821	1	0	45	117.25260416666553
n917-1	n828	1	0	45	117.58333333333222
n940-1	n833	1	0	45	117.94401041666553
n897-1	n819	1	0	57	117.2278645833322
n901-1	n825	1	0	57	117.54166666666555
n918-1	n830	1	0	57	117.88932291666553
n919-1	n832	1	0	61	117.90885416666553
n902-1	n826	1	0	62	117.55208333333222
n898-1	n818	1	0	64	117.22135416666553
n920-1	n831	1	0	64	117.8997395833322
n903-1	n824	1	0	65	117.53645833333222
n899-1	n820	1	0	67	117.22916666666553
n900-1	n817	1	0	69	117.2083333333322
n904-1	n823	1	0	69	117.52604166666555
n921-1	n829	1	0	69	117.88541666666553
n941-1	n839	1	0	33	118.30338541666552
n943-1	n844	1	0	33	118.67187499999885
n945-1	n849	1	0	33	119.05338541666549
n942-1	n837	1	0	45	118.29557291666552
n944-1	n840	1	0	46	118.65755208333218
n946-1	n847	1	0	47	119.04687499999883
n922-1	n838	1	0	57	118.29817708333219
n925-1	n842	1	0	57	118.66927083333218
n928-1	n846	1	0	57	119.04427083333216
n929-1	n850	1	0	64	119.05859374999882
n926-1	n843	1	0	65	118.66927083333218
n923-1	n835	1	0	67	118.27864583333219
n930-1	n848	1	0	67	119.05208333333216
n927-1	n841	1	0	69	118.65755208333218
n931-1	n845	1	0	69	119.04166666666549
n924-1	n836	1	0	70	118.27864583333219
n947-1	n855	1	0	33	119.4804687499988
n949-1	n856	1	0	33	119.70312499999879
n963-1	n863	1	0	38	120.77213541666546
n948-1	n852	1	0	48	119.45442708333213
n950-1	n858	1	0	49	120.04947916666546
n967-1	n862	1	0	50	120.76562499999879
n932-1	n853	1	0	57	119.46223958333213
n935-1	n859	1	0	57	120.05338541666546
n959-1	n865	1	0	57	120.89973958333212
n951-1	n867	1	0	62	120.90755208333212
n936-1	n861	1	0	64	120.05859374999879
n933-1	n854	1	0	65	119.46223958333213
n952-1	n866	1	0	65	120.90364583333212
n937-1	n860	1	0	67	120.05729166666546
n934-1	n851	1	0	69	119.4531249999988
n938-1	n857	1	0	69	120.04296874999879
n960-1	n864	1	0	69	120.89062499999879
n964-1	deletion
n953-1	n869	1	0	63	121.51692708333213
n955-1	n871	1	0	64	121.85677083333213
n961-1	n873	1	0	65	122.35677083333212
n954-1	n868	1	0	67	121.50520833333213
n956-1	n870	1	0	68	121.84895833333213
n962-1	n872	1	0	69	122.34635416666545
n965-1	n875	1	0	52	122.79296874999876
n966-1	n877	1	0	53	123.13281249999878
n986-1	n879	1	0	55	123.4895833333321
n980-1	n878	1	0	59	123.4739583333321
n958-1	n876	1	0	60	123.10416666666544
n957-1	n874	1	0	61	122.77343749999876
n981-1	n880	1	0	43	123.92968749999879
n982-1	n884	1	0	44	124.43749999999878
n983-1	n888	1	0	45	124.8111979166654
n974-1	n887	1	0	63	124.80989583333208
n972-1	n885	1	0	64	124.44921874999878
n970-1	n882	1	0	65	124.04296874999879
n975-1	n886	1	0	66	124.80208333333208
n973-1	n883	1	0	67	124.42968749999878
n971-1	n881	1	0	68	123.99739583333212
n984-1	n890	1	0	46	125.18619791666539
n985-1	n894	1	0	47	125.57552083333205
n1001-1	n896	1	0	48	125.97395833333205
n987-1	n897	1	0	60	125.97395833333205
n978-1	n893	1	0	62	125.56380208333205
n976-1	n891	1	0	64	125.19661458333206
n988-1	n895	1	0	64	125.95442708333205
n979-1	n892	1	0	65	125.55078124999872
n977-1	n889	1	0	67	125.18098958333206
n991-1	n901	1	0	66	126.72656249999868
n989-1	n899	1	0	67	126.37499999999869
n992-1	n900	1	0	69	126.70703124999868
n990-1	n898	1	0	70	126.36588541666536
n995-1	n903	1	0	70	127.28255208333198
n996-1	n902	1	0	74	127.27734374999865
n999-1	n905	1	0	58	127.73697916666531
n1000-1	n907	1	0	59	128.07031249999864
n1020-1	n909	1	0	60	128.45442708333195
n1014-1	n908	1	0	64	128.4322916666653
n994-1	n906	1	0	65	128.06770833333198
n993-1	n904	1	0	67	127.70052083333198
n1015-1	n910	1	0	48	128.87239583333198
n1016-1	n915	1	0	49	129.419270833332
n1017-1	n917	1	0	50	129.80859374999866
n1008-1	n918	1	0	68	129.83333333333198
n1006-1	n914	1	0	69	129.38932291666535
n1004-1	n912	1	0	70	128.98046874999866
n1009-1	n916	1	0	71	129.79296874999866
n1007-1	n913	1	0	72	129.38541666666535
n1005-1	n911	1	0	73	128.97005208333198
n1018-1	n919	1	0	51	130.21614583333204
n1019-1	n923	1	0	52	130.70703124999875
n1036-1	n926	1	0	53	131.2174479166654
n1021-1	n927	1	0	65	131.23828124999875
n1012-1	n924	1	0	67	130.70703124999875
n1010-1	n921	1	0	69	130.22005208333204
n1022-1	n925	1	0	69	131.18359374999875
n1013-1	n922	1	0	70	130.6549479166654
n1011-1	n920	1	0	72	130.21744791666538
n1037-1	n930	1	0	53	131.86979166666544
n1039-1	n936	1	0	53	132.41796874999878
n1042-1	n939	1	0	53	132.78776041666546
n1038-1	n929	1	0	60	131.8645833333321
n1040-1	n934	1	0	60	132.39713541666546
n1043-1	n942	1	0	64	132.8124999999988
n1023-1	n931	1	0	65	131.87890624999878
n1041-1	n937	1	0	65	132.41796874999878
n1044-1	n943	1	0	67	132.82161458333215
n1024-1	n928	1	0	69	131.8333333333321
n1025-1	n935	1	0	69	132.39973958333212
n1028-1	n940	1	0	70	132.7890624999988
n1026-1	n933	1	0	72	132.38932291666546
n1029-1	n941	1	0	73	132.8007812499988
n1030-1	n938	1	0	79	132.7656249999988
n1027-1	n932	1	0	81	132.36588541666546
n1045-1	n948	1	0	53	133.15494791666544
n1048-1	n952	1	0	53	133.47135416666544
n1066-1	n959	1	0	53	133.81249999999883
n1046-1	n949	1	0	62	133.17057291666544
n1049-1	n953	1	0	62	133.47265624999878
n1067-1	n957	1	0	62	133.7799479166655
n1047-1	n946	1	0	65	133.13541666666544
n1034-1	n951	1	0	65	133.43359374999878
n1068-1	n958	1	0	65	133.7838541666655
n1051-1	n955	1	0	68	133.7643229166655
n1031-1	n947	1	0	70	133.14062499999878
n1035-1	n950	1	0	70	133.42578124999878
n1052-1	n956	1	0	71	133.7643229166655
n1032-1	n945	1	0	74	133.12109374999878
n1033-1	n944	1	0	77	133.10677083333212
n1053-1	n954	1	0	77	133.7447916666655
n1069-1	n964	1	0	53	134.11328124999883
n1072-1	n969	1	0	53	134.4374999999989
n1075-1	n975	1	0	53	134.7825520833323
n1073-1	n971	1	0	58	134.45963541666558
n1076-1	n974	1	0	58	134.7747395833323
n1070-1	n962	1	0	60	134.10156249999883
n1074-1	n970	1	0	62	134.43880208333223
n1060-1	n973	1	0	62	134.7513020833323
n1071-1	n965	1	0	64	134.11328124999883
n1057-1	n968	1	0	65	134.42057291666555
n1061-1	n972	1	0	65	134.73437499999895
n1054-1	n961	1	0	69	134.1002604166655
n1058-1	n967	1	0	70	134.40104166666555
n1055-1	n963	1	0	72	134.1119791666655
n1059-1	n966	1	0	74	134.39322916666555
n1056-1	n960	1	0	76	134.08593749999883
n1077-1	n980	1	0	53	135.12630208333238
n1080-1	n985	1	0	53	135.44531249999903
n1098-1	n986	1	0	56	135.81901041666572
n1081-1	n984	1	0	57	135.4361979166657
n1078-1	n979	1	0	58	135.12239583333238
n1108-1	n988	1	0	59	135.82942708333238
n1079-1	n977	1	0	62	135.1119791666657
n1109-1	n987	1	0	62	135.82552083333238
n1082-1	n982	1	0	63	135.42187499999903
n1062-1	n978	1	0	65	135.1158854166657
n1083-1	n990	1	0	65	135.90755208333235
n1064-1	n983	1	0	66	135.42187499999903
n1084-1	n991	1	0	68	135.91276041666566
n1095-1	n989	1	0	71	135.87630208333235
n1065-1	n981	1	0	72	135.40104166666572
n1063-1	n976	1	0	74	135.07942708333235
n1101-1	n1001	1	0	52	136.89453124999915
n1100-1	n996	1	0	53	136.55468749999912
n1099-1	n992	1	0	55	136.22005208333243
n1110-1	n999	1	0	55	136.5690104166658
n1111-1	n997	1	0	58	136.55598958333246
n1088-1	n1000	1	0	60	136.8736979166658
n1087-1	n998	1	0	61	136.55989583333246
n1086-1	n993	1	0	67	136.2226562499991
n1096-1	n995	1	0	67	136.55078124999912
n1097-1	n994	1	0	70	136.51822916666578
n1105-1	n1012	1	0	48	137.89973958333252
n1102-1	n1004	1	0	49	137.31380208333252
n1131-1	n1016	1	0	53	138.3671874999992
n1103-1	n1003	1	0	55	137.29687499999918
n1106-1	n1013	1	0	55	137.89973958333252
n1132-1	n1014	1	0	57	138.3515624999992
n1104-1	n1002	1	0	58	137.29036458333252
n1107-1	n1011	1	0	58	137.89583333333252
n1092-1	n1009	1	0	60	137.87630208333252
n1112-1	n1018	1	0	60	138.41015624999923
n1089-1	n1007	1	0	61	137.37890624999918
n1093-1	n1010	1	0	64	137.89192708333252
n1090-1	n1006	1	0	65	137.37109374999918
n1113-1	n1017	1	0	65	138.3893229166659
n1114-1	n1015	1	0	69	138.35286458333255
n1094-1	n1008	1	0	72	137.85807291666583
n1091-1	n1005	1	0	73	137.34505208333252
n1133-1	n1019	1	0	41	138.6380208333326
n1134-1	n1020	1	0	48	138.7226562499993
n1135-1	n1021	1	0	53	138.8411458333326
n1137-1	n1031	1	0	53	139.3424479166659
n1140-1	n1038	1	0	53	139.70442708333258
n1136-1	n1025	1	0	57	138.9088541666659
n1141-1	n1037	1	0	58	139.69661458333258
n1115-1	n1023	1	0	60	138.88151041666592
n1138-1	n1030	1	0	60	139.33333333333255
n1142-1	n1040	1	0	61	139.71484374999923
n1143-1	n1039	1	0	64	139.70442708333258
n1116-1	n1024	1	0	65	138.88671874999923
n1139-1	n1029	1	0	65	139.3307291666659
n1121-1	n1034	1	0	67	139.68359374999923
n1117-1	n1022	1	0	69	138.86718749999926
n1118-1	n1028	1	0	69	139.30859374999923
n1122-1	n1035	1	0	70	139.68880208333258
n1119-1	n1027	1	0	72	139.29687499999923
n1123-1	n1036	1	0	73	139.69270833333258
n1124-1	n1033	1	0	79	139.67057291666592
n1120-1	n1026	1	0	81	139.29296874999923
n1144-1	n1047	1	0	53	140.04947916666586
n1147-1	n1052	1	0	53	140.39192708333252
n1164-1	n1058	1	0	53	140.71484374999923
n1145-1	n1046	1	0	58	140.04166666666586
n1146-1	n1044	1	0	62	140.03645833333255
n1148-1	n1051	1	0	62	140.34765624999918
n1165-1	n1057	1	0	62	140.69531249999923
n1125-1	n1045	1	0	65	140.03645833333255
n1129-1	n1050	1	0	65	140.34374999999918
n1166-1	n1056	1	0	65	140.6901041666659
n1149-1	n1055	1	0	68	140.68098958333255
n1126-1	n1043	1	0	70	140.0221354166659
n1130-1	n1049	1	0	70	140.33463541666583
n1150-1	n1054	1	0	71	140.6744791666659
n1127-1	n1042	1	0	74	140.0182291666659
n1128-1	n1041	1	0	77	140.0104166666659
n1151-1	n1053	1	0	77	140.6627604166659
n1167-1	n1064	1	0	53	141.04427083333255
n1170-1	n1067	1	0	53	141.32552083333252
n1173-1	n1074	1	0	53	141.6614583333325
n1171-1	n1069	1	0	58	141.33203124999918
n1174-1	n1073	1	0	58	141.65494791666583
n1168-1	n1060	1	0	60	140.99739583333255
n1172-1	n1070	1	0	62	141.33984374999918
n1158-1	n1072	1	0	62	141.62760416666583
n1169-1	n1062	1	0	64	141.01302083333255
n1155-1	n1068	1	0	65	141.32812499999918
n1159-1	n1071	1	0	65	141.62499999999918
n1152-1	n1063	1	0	69	141.01302083333255
n1156-1	n1066	1	0	70	141.30598958333252
n1153-1	n1061	1	0	72	141.0078124999992
n1157-1	n1065	1	0	74	141.29166666666586
n1154-1	n1059	1	0	76	140.9921874999992
n1175-1	n1079	1	0	53	142.0533854166659
n1178-1	n1083	1	0	53	142.34895833333252
n1195-1	n1085	1	0	56	142.65104166666586
n1179-1	n1081	1	0	57	142.33854166666586
n1176-1	n1076	1	0	58	142.01041666666586
n1205-1	n1086	1	0	59	142.66145833333252
n1177-1	n1077	1	0	62	142.01822916666586
n1206-1	n1087	1	0	62	142.66145833333252
n1180-1	n1080	1	0	63	142.3359374999992
n1160-1	n1078	1	0	65	142.0312499999992
n1181-1	n1090	1	0	65	142.75260416666586
n1162-1	n1084	1	0	66	142.35546874999918
n1182-1	n1089	1	0	68	142.7499999999992
n1193-1	n1088	1	0	71	142.7226562499992
n1163-1	n1082	1	0	72	142.33854166666586
n1161-1	n1075	1	0	74	141.99869791666586
n1198-1	n1100	1	0	52	143.80208333333255
n1197-1	n1095	1	0	53	143.41536458333255
n1196-1	n1091	1	0	55	143.03776041666586
n1207-1	n1098	1	0	55	143.4335937499992
n1208-1	n1096	1	0	58	143.4166666666659
n1186-1	n1101	1	0	60	143.8085937499992
n1185-1	n1097	1	0	61	143.43098958333255
n1184-1	n1092	1	0	67	143.04947916666586
n1194-1	n1093	1	0	70	143.3893229166659
n1202-1	n1111	1	0	48	145.0403645833327
n1199-1	n1103	1	0	49	144.29166666666592
n1227-1	n1116	1	0	53	145.81249999999943
n1200-1	n1102	1	0	55	144.28385416666592
n1203-1	n1110	1	0	55	145.03515624999935
n1228-1	n1114	1	0	57	145.8007812499994
n1201-1	n1104	1	0	58	144.30338541666592
n1204-1	n1109	1	0	58	145.033854166666
n1190-1	n1112	1	0	60	145.04947916666603
n1209-1	n1118	1	0	60	145.84114583333277
n1187-1	n1107	1	0	61	144.41015624999926
n1191-1	n1113	1	0	64	145.05859374999937
n1188-1	n1106	1	0	65	144.40234374999926
n1210-1	n1117	1	0	65	145.82161458333277
n1211-1	n1115	1	0	69	145.80208333333275
n1192-1	n1108	1	0	72	145.00520833333266
n1189-1	n1105	1	0	73	144.37369791666592
n1229-1	n1120	1	0	41	147.11067708333286
n1231-1	n1126	1	0	41	147.78124999999957
n1233-1	n1131	1	0	41	148.19270833333294
n1230-1	n1121	1	0	53	147.12499999999952
n1232-1	n1127	1	0	53	147.78385416666623
n1234-1	n1132	1	0	53	148.19270833333294
n1218-1	n1130	1	0	62	148.17447916666626
n1215-1	n1123	1	0	64	147.73567708333292
n1219-1	n1129	1	0	65	148.1679687499996
n1225-1	n1142	1	0	65	148.89322916666634
n1212-1	deletion
n1216-1	n1124	1	0	67	147.73567708333292
n1213-1	n1122	1	0	69	147.12630208333286
n1214-1	n1119	1	0	72	147.09505208333286
n1217-1	n1125	1	0	72	147.73697916666626
n1220-1	n1128	1	0	72	148.14583333333294
n1235-1	n1136	1	0	41	148.54427083333297
n1237-1	n1141	1	0	41	148.891927083333
n1257-1	n1146	1	0	41	149.27343749999972
n1236-1	n1134	1	0	53	148.53515624999963
n1238-1	n1139	1	0	53	148.888020833333
n1258-1	n1144	1	0	53	149.24218749999972
n1239-1	n1147	1	0	60	149.27473958333306
n1224-1	n1140	1	0	62	148.88932291666634
n1221-1	n1135	1	0	64	148.53645833333297
n1240-1	n1145	1	0	64	149.25911458333306
n1222-1	n1137	1	0	67	148.54427083333297
n1223-1	n1133	1	0	72	148.52213541666632
n1226-1	n1138	1	0	72	148.864583333333
n1241-1	n1143	1	0	72	149.23437499999972
n1259-1	n1150	1	0	41	149.63802083333306
n1261-1	n1156	1	0	41	149.99869791666646
n1263-1	n1162	1	0	41	150.33072916666654
n1260-1	n1151	1	0	53	149.65755208333306
n1262-1	n1155	1	0	53	149.99479166666646
n1264-1	n1161	1	0	53	150.3281249999999
n1248-1	n1159	1	0	64	150.3177083333332
n1245-1	n1157	1	0	65	150.00260416666646
n1242-1	n1152	1	0	67	149.66536458333306
n1249-1	n1160	1	0	67	150.32291666666654
n1246-1	n1154	1	0	69	149.9882812499998
n1243-1	n1149	1	0	70	149.63281249999972
n1247-1	deletion
n1250-1	deletion
n1244-1	n1148	1	0	74	149.62890624999972
n1265-1	n1167	1	0	41	150.67057291666657
n1267-1	n1172	1	0	41	150.99218749999994
n1292-1	n1175	1	0	41	151.3307291666666
n1266-1	n1166	1	0	53	150.66927083333323
n1268-1	n1171	1	0	53	150.9791666666666
n1293-1	n1177	1	0	53	151.3502604166666
n1269-1	n1176	1	0	62	151.33203124999994
n1254-1	n1170	1	0	64	150.9713541666666
n1251-1	n1165	1	0	65	150.64843749999991
n1270-1	n1174	1	0	65	151.3229166666666
n1255-1	n1169	1	0	67	150.97005208333326
n1252-1	n1164	1	0	69	150.64322916666657
n1253-1	deletion
n1256-1	deletion
n1271-1	n1173	1	0	74	151.3138020833333
n1294-1	n1180	1	0	41	151.73697916666666
n1296-1	n1186	1	0	41	152.12369791666669
n1298-1	n1195	1	0	41	152.4778645833334
n1295-1	n1181	1	0	53	151.73958333333331
n1297-1	n1188	1	0	53	152.12890625000003
n1299-1	n1194	1	0	53	152.44921875000006
n1272-1	n1182	1	0	65	151.74999999999997
n1276-1	n1185	1	0	65	152.11197916666669
n1280-1	n1193	1	0	65	152.44140625000006
n1281-1	n1192	1	0	67	152.4348958333334
n1273-1	n1179	1	0	70	151.73567708333331
n1282-1	n1191	1	0	70	152.43359375000006
n1285-1	n1198	1	0	70	152.75000000000006
n1277-1	deletion
n1274-1	n1183	1	0	74	151.75520833333331
n1286-1	n1197	1	0	74	152.7486979166667
n1278-1	deletion
n1275-1	n1178	1	0	77	151.72656249999997
n1279-1	n1184	1	0	77	152.10156250000003
n1283-1	n1190	1	0	77	152.4205729166667
n1300-1	n1201	1	0	41	152.7786458333334
n1302-1	n1206	1	0	41	153.09895833333343
n1322-1	n1212	1	0	41	153.43229166666677
n1301-1	n1200	1	0	53	152.76171875000006
n1303-1	n1207	1	0	53	153.09895833333343
n1323-1	n1209	1	0	53	153.41666666666677
n1284-1	n1199	1	0	65	152.7604166666667
n1288-1	n1204	1	0	65	153.06770833333343
n1304-1	n1210	1	0	65	153.4179687500001
n1289-1	n1205	1	0	69	153.07942708333343
n1305-1	n1211	1	0	69	153.42057291666677
n1290-1	n1202	1	0	72	153.06119791666677
n1287-1	n1196	1	0	77	152.74218750000006
n1291-1	n1203	1	0	77	153.06380208333343
n1306-1	n1208	1	0	77	153.40494791666677
n1324-1	n1214	1	0	53	153.8372395833335
n1327-1	n1224	1	0	53	154.24609375000026
n1330-1	n1228	1	0	53	154.53776041666694
n1325-1	n1215	1	0	60	153.84244791666686
n1328-1	n1221	1	0	60	154.2213541666669
n1331-1	n1230	1	0	60	154.56250000000028
n1332-1	n1229	1	0	62	154.54947916666694
n1329-1	n1223	1	0	64	154.2252604166669
n1326-1	n1218	1	0	65	153.85807291666686
n1313-1	n1226	1	0	65	154.53255208333363
n1310-1	n1220	1	0	67	154.21614583333357
n1307-1	n1217	1	0	69	153.8489583333335
n1308-1	n1216	1	0	72	153.8450520833335
n1311-1	n1222	1	0	72	154.22265625000026
n1314-1	n1227	1	0	72	154.53515625000028
n1315-1	n1225	1	0	77	154.51692708333363
n1312-1	n1219	1	0	79	154.20312500000023
n1309-1	n1213	1	0	81	153.8294270833335
n1333-1	n1235	1	0	53	154.8606770833336
n1336-1	n1242	1	0	53	155.16927083333363
n1357-1	n1247	1	0	53	155.46223958333368
n1334-1	n1236	1	0	60	154.8723958333336
n1337-1	n1240	1	0	60	155.15234375000028
n1358-1	n1246	1	0	60	155.45442708333368
n1338-1	n1241	1	0	62	155.15234375000028
n1335-1	n1234	1	0	64	154.85546875000026
n1339-1	n1244	1	0	64	155.42187500000034
n1319-1	n1238	1	0	65	155.13151041666694
n1316-1	n1232	1	0	67	154.83203125000026
n1317-1	n1233	1	0	72	154.84375000000026
n1320-1	n1239	1	0	72	155.13932291666694
n1340-1	n1245	1	0	72	155.432291666667
n1341-1	n1243	1	0	76	155.412760416667
n1321-1	n1237	1	0	77	155.12109375000028
n1318-1	n1231	1	0	79	154.82421875000026
n1359-1	n1252	1	0	53	155.82031250000037
n1362-1	n1259	1	0	53	156.18619791666708
n1365-1	n1266	1	0	53	156.5013020833338
n1360-1	n1251	1	0	62	155.8177083333337
n1363-1	n1256	1	0	62	156.18098958333374
n1366-1	n1264	1	0	62	156.48828125000045
n1367-1	n1263	1	0	64	156.4869791666671
n1364-1	n1260	1	0	65	156.19921875000043
n1361-1	n1253	1	0	67	155.82421875000037
n1348-1	n1262	1	0	67	156.4830729166671
n1345-1	n1257	1	0	69	156.18229166666708
n1342-1	n1250	1	0	70	155.79557291666703
n1343-1	n1249	1	0	74	155.79166666666703
n1346-1	n1258	1	0	74	156.18359375000043
n1349-1	n1265	1	0	74	156.4934895833338
n1350-1	n1261	1	0	79	156.46875000000045
n1347-1	n1255	1	0	81	156.1679687500004
n1344-1	n1248	1	0	82	155.78515625000037
n1368-1	n1270	1	0	53	156.79166666666717
n1371-1	n1275	1	0	53	157.06250000000054
n1392-1	n1280	1	0	53	157.3164062500005
n1369-1	n1271	1	0	62	156.7929687500005
n1372-1	n1274	1	0	62	157.05859375000054
n1393-1	n1279	1	0	62	157.30598958333385
n1373-1	n1278	1	0	64	157.0781250000005
n1370-1	n1269	1	0	65	156.78515625000048
n1374-1	n1282	1	0	65	157.3359375000005
n1354-1	n1276	1	0	67	157.0651041666672
n1351-1	n1268	1	0	69	156.78125000000048
n1352-1	n1272	1	0	74	156.7929687500005
n1355-1	n1277	1	0	74	157.07552083333385
n1375-1	n1283	1	0	74	157.33854166666717
n1376-1	n1281	1	0	77	157.3281250000005
n1356-1	n1273	1	0	79	157.05468750000054
n1353-1	n1267	1	0	81	156.77083333333383
n1394-1	n1284	1	0	53	157.47135416666717
n1397-1	n1290	1	0	53	157.99218750000054
n1400-1	n1296	1	0	53	158.3085937500005
n1401-1	n1297	1	0	58	158.3320312500005
n1398-1	n1291	1	0	60	158.0494791666672
n1395-1	n1285	1	0	62	157.6080729166672
n1402-1	n1299	1	0	67	158.41145833333383
n1399-1	n1294	1	0	69	158.12890625000054
n1396-1	n1289	1	0	70	157.7447916666672
n1383-1	n1300	1	0	70	158.41927083333383
n1380-1	n1293	1	0	72	158.12109375000054
n1377-1	n1288	1	0	74	157.73177083333385
n1378-1	n1287	1	0	77	157.7252604166672
n1381-1	n1295	1	0	77	158.12890625000054
n1384-1	n1301	1	0	77	158.42317708333383
n1385-1	n1298	1	0	82	158.4062500000005
n1382-1	n1292	1	0	84	158.10937500000054
n1379-1	n1286	1	0	86	157.71875000000054
n1403-1	n1302	1	0	53	158.59114583333385
n1406-1	n1309	1	0	53	158.91015625000057
n1432-1	n1321	1	0	53	159.38151041666734
n1433-1	n1318	1	0	57	159.36588541666734
n1407-1	n1310	1	0	60	158.9348958333339
n1404-1	n1303	1	0	62	158.64843750000054
n1434-1	n1320	1	0	65	159.372395833334
n1408-1	n1315	1	0	69	159.03255208333397
n1409-1	n1317	1	0	69	159.352864583334
n1405-1	n1307	1	0	70	158.73046875000054
n1389-1	n1314	1	0	72	159.00781250000063
n1386-1	n1306	1	0	74	158.71093750000054
n1387-1	n1304	1	0	77	158.7018229166672
n1390-1	n1313	1	0	77	159.00651041666728
n1410-1	n1319	1	0	77	159.36588541666734
n1411-1	n1316	1	0	81	159.35026041666734
n1391-1	n1312	1	0	84	158.99739583333394
n1388-1	n1305	1	0	86	158.7096354166672
n1435-1	n1328	1	0	53	159.82421875000065
n1439-1	n1335	1	0	53	160.22786458333402
n1443-1	n1345	1	0	53	160.53255208333402
n1444-1	n1344	1	0	55	160.52994791666737
n1440-1	n1336	1	0	57	160.23697916666737
n1436-1	n1326	1	0	58	159.81901041666734
n1445-1	n1343	1	0	58	160.51822916666737
n1441-1	n1337	1	0	60	160.24348958333402
n1437-1	n1329	1	0	62	159.829427083334
n1438-1	n1327	1	0	65	159.821614583334
n1442-1	n1334	1	0	65	160.22395833333402
n1446-1	n1341	1	0	65	160.51432291666737
n1412-1	n1323	1	0	77	159.79296875000068
n1416-1	n1330	1	0	77	160.20312500000068
n1420-1	n1342	1	0	77	160.51432291666737
n1421-1	n1339	1	0	79	160.50911458333402
n1417-1	n1332	1	0	81	160.21223958333402
n1413-1	n1325	1	0	82	159.80078125000068
n1422-1	n1340	1	0	82	160.51302083333402
n1418-1	n1333	1	0	84	160.21223958333402
n1414-1	n1324	1	0	86	159.79687500000068
n1415-1	n1322	1	0	89	159.78906250000068
n1419-1	n1331	1	0	89	160.20572916666734
n1423-1	n1338	1	0	89	160.50390625000068
n1447-1	n1353	1	0	53	160.8567708333341
n1451-1	n1361	1	0	53	161.16276041666748
n1473-1	n1367	1	0	53	161.44791666666748
n1452-1	n1358	1	0	57	161.13541666666748
n1474-1	n1366	1	0	57	161.44010416666748
n1448-1	n1351	1	0	58	160.8372395833341
n1453-1	n1360	1	0	60	161.14843750000082
n1449-1	n1350	1	0	62	160.83072916666745
n1450-1	n1352	1	0	65	160.8372395833341
n1454-1	n1359	1	0	65	161.14322916666748
n1475-1	n1364	1	0	65	161.43229166666748
n1424-1	n1348	1	0	77	160.82291666666745
n1428-1	n1355	1	0	77	161.12760416666748
n1455-1	n1363	1	0	77	161.42968750000082
n1429-1	n1357	1	0	81	161.13020833333414
n1456-1	n1365	1	0	81	161.43359375000082
n1425-1	n1346	1	0	82	160.82031250000077
n1430-1	n1356	1	0	84	161.12760416666748
n1426-1	n1349	1	0	86	160.8255208333341
n1427-1	n1347	1	0	89	160.8216145833341
n1431-1	n1354	1	0	89	161.12500000000082
n1457-1	n1362	1	0	89	161.42317708333417
n1476-1	n1368	1	0	41	161.67447916666748
n1479-1	n1374	1	0	41	162.06770833333428
n1482-1	n1380	1	0	41	162.39192708333425
n1483-1	n1381	1	0	46	162.4205729166676
n1480-1	n1375	1	0	48	162.07942708333428
n1477-1	n1369	1	0	50	161.75390625000082
n1484-1	n1382	1	0	55	162.50911458333428
n1481-1	n1378	1	0	57	162.1588541666676
n1478-1	n1373	1	0	58	161.82421875000088
n1464-1	n1383	1	0	79	162.51562500000094
n1461-1	n1379	1	0	81	162.1588541666676
n1458-1	n1372	1	0	82	161.8020833333342
n1465-1	n1385	1	0	82	162.51692708333428
n1462-1	n1376	1	0	84	162.1549479166676
n1459-1	n1371	1	0	86	161.80078125000085
n1466-1	n1384	1	0	91	162.51562500000094
n1463-1	n1377	1	0	93	162.15625000000094
n1460-1	n1370	1	0	94	161.7994791666675
n1485-1	n1386	1	0	41	162.7903645833343
n1488-1	n1392	1	0	41	163.32031250000097
n1503-1	n1398	1	0	41	164.00390625000102
n1489-1	n1393	1	0	48	163.38671875000097
n1504-1	n1399	1	0	48	164.08854166666768
n1486-1	n1387	1	0	50	162.8763020833343
n1490-1	n1397	1	0	57	163.46744791666765
n1505-1	n1401	1	0	57	164.16406250000102
n1487-1	n1391	1	0	58	162.96875000000094
n1470-1	n1396	1	0	81	163.45572916666765
n1491-1	n1402	1	0	81	164.16536458333437
n1467-1	n1390	1	0	82	162.95182291666762
n1471-1	n1395	1	0	84	163.4544270833343
n1468-1	n1388	1	0	86	162.94401041666765
n1472-1	n1394	1	0	93	163.45182291666765
n1492-1	n1400	1	0	93	164.15885416666768
n1469-1	n1389	1	0	94	162.94921875000097
n1507-1	n1405	1	0	53	165.0130208333344
n1508-1	n1406	1	0	60	165.0950520833344
n1509-1	n1407	1	0	63	165.1497395833344
n1510-1	n1410	1	0	69	165.2044270833344
n1497-1	n1412	1	0	79	165.62500000000108
n1495-1	n1409	1	0	81	165.1927083333344
n1493-1	n1403	1	0	84	164.7565104166677
n1494-1	n1404	1	0	89	164.7604166666677
n1498-1	n1411	1	0	91	165.61979166666774
n1496-1	n1408	1	0	93	165.19010416666774
n1511-1	n1415	1	0	53	166.18359375000108
n1512-1	n1416	1	0	60	166.25781250000108
n1513-1	n1417	1	0	63	166.30208333333442
n1514-1	n1420	1	0	69	166.35807291666777
n1499-1	n1413	1	0	77	165.99479166666774
n1515-1	n1422	1	0	77	166.6484375000011
n1501-1	n1418	1	0	81	166.33463541666777
n1502-1	n1419	1	0	84	166.33723958333442
n1500-1	n1414	1	0	89	165.99479166666774
n1516-1	n1421	1	0	89	166.6406250000011
n1531-1	n1425	1	0	53	167.0585937500011
n1532-1	n1426	1	0	60	167.1354166666678
n1533-1	n1427	1	0	63	167.1861979166678
n1534-1	n1430	1	0	69	167.26692708333445
n1519-1	n1429	1	0	74	167.25520833333445
n1517-1	n1424	1	0	75	166.95182291666777
n1521-1	n1432	1	0	77	167.5729166666678
n1522-1	n1431	1	0	81	167.57161458333445
n1520-1	n1428	1	0	86	167.2526041666678
n1518-1	n1423	1	0	87	166.94401041666777
n1535-1	n1435	1	0	53	168.01171875000114
n1536-1	n1436	1	0	60	168.1080729166678
n1537-1	n1437	1	0	63	168.15755208333448
n1538-1	n1440	1	0	69	168.2317708333345
n1539-1	n1442	1	0	69	168.62760416666788
n1525-1	n1439	1	0	72	168.21875000000117
n1523-1	n1434	1	0	74	167.8854166666678
n1540-1	n1441	1	0	81	168.62630208333454
n1526-1	n1438	1	0	84	168.21744791666782
n1524-1	n1433	1	0	86	167.8815104166678
n1552-1	n1445	1	0	41	169.2682291666679
n1553-1	n1446	1	0	48	169.32552083333456
n1554-1	n1447	1	0	51	169.3958333333346
n1555-1	n1450	1	0	57	169.4583333333346
n1545-1	n1452	1	0	67	169.80208333333462
n1543-1	n1449	1	0	69	169.45312500000125
n1541-1	n1444	1	0	72	169.09114583333456
n1542-1	n1443	1	0	75	169.0885416666679
n1546-1	n1451	1	0	79	169.80078125000128
n1544-1	n1448	1	0	81	169.4505208333346
n1556-1	n1455	1	0	41	170.2552083333346
n1557-1	n1456	1	0	48	170.3424479166679
n1558-1	n1457	1	0	51	170.3815104166679
n1559-1	n1460	1	0	57	170.45963541666794
n1547-1	n1454	1	0	65	170.13932291666794
n1560-1	n1462	1	0	65	170.7356770833346
n1549-1	n1458	1	0	69	170.42187500000125
n1550-1	n1459	1	0	72	170.4231770833346
n1548-1	n1453	1	0	77	170.13281250000128
n1561-1	n1461	1	0	77	170.72916666666794
n1576-1	n1465	1	0	41	171.1184895833346
n1577-1	n1466	1	0	48	171.19531250000125
n1578-1	n1467	1	0	51	171.2408854166679
n1579-1	n1469	1	0	57	171.32421875000125
n1564-1	n1470	1	0	62	171.3255208333346
n1562-1	n1464	1	0	63	171.0364583333346
n1566-1	n1472	1	0	65	171.63281250000128
n1567-1	n1471	1	0	69	171.63151041666794
n1565-1	n1468	1	0	74	171.32031250000125
n1563-1	n1463	1	0	75	171.03385416666794
n1580-1	n1475	1	0	41	172.04296875000128
n1581-1	n1476	1	0	48	172.13541666666794
n1582-1	n1477	1	0	51	172.19270833333462
n1583-1	n1480	1	0	57	172.31380208333462
n1584-1	n1482	1	0	57	172.768229166668
n1570-1	n1479	1	0	60	172.30859375000128
n1568-1	n1474	1	0	62	171.95052083333462
n1585-1	n1481	1	0	69	172.76562500000134
n1571-1	n1478	1	0	72	172.30468750000128
n1569-1	n1473	1	0	74	171.94401041666796
n1598-1	n1490	1	0	41	173.66666666666796
n1599-1	n1489	1	0	48	173.6640625000013
n1600-1	n1488	1	0	51	173.65755208333465
n1601-1	n1486	1	0	53	173.6523437500013
n1588-1	n1487	1	0	57	173.65364583333465
n1586-1	n1484	1	0	60	173.2851562500013
n1590-1	n1493	1	0	60	174.04427083333465
n1587-1	n1483	1	0	63	173.27864583333465
n1591-1	n1492	1	0	63	174.03645833333465
n1592-1	n1491	1	0	67	174.026041666668
n1589-1	n1485	1	0	69	173.65104166666796
n1602-1	n1496	1	0	41	174.5117187500014
n1603-1	n1497	1	0	48	174.59765625000142
n1604-1	n1498	1	0	51	174.63802083333474
n1593-1	n1495	1	0	57	174.3841145833347
n1605-1	n1500	1	0	57	174.69401041666808
n1606-1	n1503	1	0	57	175.05468750000145
n1595-1	n1501	1	0	60	174.69661458333474
n1596-1	n1499	1	0	63	174.69140625000142
n1594-1	n1494	1	0	65	174.36979166666802
n1607-1	n1502	1	0	69	175.0494791666681
n1620-1	n1511	1	0	41	175.8333333333348
n1621-1	n1510	1	0	48	175.82682291666814
n1622-1	n1509	1	0	51	175.82421875000145
n1623-1	n1507	1	0	53	175.8190104166681
n1610-1	n1508	1	0	57	175.82031250000145
n1608-1	n1505	1	0	60	175.4557291666681
n1612-1	n1514	1	0	60	176.25781250000145
n1609-1	n1504	1	0	63	175.4479166666681
n1613-1	n1513	1	0	63	176.25390625000145
n1614-1	n1512	1	0	67	176.2473958333348
n1611-1	n1506	1	0	69	175.81640625000145
n1649-1	n1526	1	0	40	178.4622395833349
n1624-1	n1517	1	0	41	177.06119791666814
n1625-1	n1518	1	0	48	177.16015625000148
n1650-1	n1527	1	0	49	178.4622395833349
n1626-1	n1519	1	0	51	177.27473958333482
n1651-1	n1525	1	0	52	178.4583333333349
n1615-1	n1516	1	0	57	176.7604166666681
n1627-1	n1522	1	0	57	177.38802083333485
n1628-1	n1524	1	0	57	178.45312500000156
n1617-1	n1521	1	0	60	177.3815104166682
n1618-1	n1520	1	0	63	177.37239583333485
n1616-1	n1515	1	0	65	176.75000000000145
n1629-1	n1523	1	0	69	178.44921875000156
n1632-1	n1534	1	0	57	179.58723958333496
n1630-1	n1529	1	0	61	179.32812500000162
n1634-1	n1539	1	0	61	180.04036458333496
n1631-1	n1528	1	0	64	179.29296875000162
n1635-1	n1536	1	0	68	180.01692708333496
n1633-1	n1533	1	0	69	179.58333333333496
n1640-1	n1531	1	0	73	179.55859375000165
n1643-1	n1538	1	0	73	180.02083333333496
n1641-1	n1532	1	0	76	179.5690104166683
n1644-1	n1537	1	0	76	180.01692708333496
n1642-1	n1530	1	0	81	179.55078125000165
n1645-1	n1535	1	0	83	180.01171875000162
n1674-1	n1548	1	0	40	181.10416666666828
n1675-1	n1547	1	0	47	181.08463541666828
n1676-1	n1550	1	0	50	181.11588541666828
n1677-1	n1551	1	0	52	181.11588541666828
n1653-1	n1552	1	0	56	181.11588541666828
n1636-1	n1540	1	0	57	180.36067708333496
n1638-1	n1546	1	0	61	180.68229166666828
n1639-1	n1544	1	0	64	180.67057291666828
n1637-1	n1541	1	0	66	180.3658854166683
n1654-1	n1549	1	0	68	181.11328125000162
n1646-1	n1545	1	0	73	180.67708333333493
n1647-1	n1543	1	0	76	180.65494791666828
n1648-1	n1542	1	0	85	180.64583333333493
n1657-1	n1559	1	0	56	181.90625000000162
n1655-1	n1553	1	0	59	181.62890625000162
n1659-1	n1561	1	0	59	182.23828125000162
n1656-1	n1554	1	0	62	181.62890625000162
n1660-1	n1560	1	0	66	182.22265625000162
n1658-1	n1558	1	0	68	181.90364583333496
n1665-1	n1556	1	0	74	181.88281250000162
n1666-1	n1557	1	0	76	181.89843750000162
n1667-1	n1555	1	0	86	181.87369791666828
n1700-1	n1572	1	0	39	183.26562500000165
n1701-1	n1571	1	0	48	183.2643229166683
n1702-1	n1573	1	0	51	183.274739583335
n1661-1	n1562	1	0	56	182.54557291666828
n1679-1	n1570	1	0	56	183.26302083333496
n1663-1	n1568	1	0	59	182.83984375000165
n1664-1	n1567	1	0	62	182.8268229166683
n1662-1	n1563	1	0	64	182.54557291666828
n1680-1	n1569	1	0	68	183.2604166666683
n1671-1	n1565	1	0	74	182.80078125000162
n1672-1	n1566	1	0	76	182.80208333333496
n1673-1	n1564	1	0	80	182.78385416666828
n1683-1	n1580	1	0	56	184.0572916666684
n1681-1	n1575	1	0	60	183.74348958333502
n1685-1	n1585	1	0	60	184.52604166666842
n1682-1	n1574	1	0	63	183.72786458333502
n1686-1	n1584	1	0	67	184.51171875000173
n1684-1	n1578	1	0	68	184.04817708333505
n1691-1	n1577	1	0	72	184.0468750000017
n1694-1	n1582	1	0	72	184.50260416666842
n1692-1	n1579	1	0	75	184.0533854166684
n1695-1	n1583	1	0	75	184.50911458333508
n1693-1	n1576	1	0	80	184.01432291666836
n1696-1	n1581	1	0	82	184.49609375000176
n1725-1	n1593	1	0	39	185.57421875000173
n1726-1	n1595	1	0	46	185.57552083333508
n1727-1	n1596	1	0	49	185.57942708333508
n1728-1	n1598	1	0	51	185.58593750000176
n1704-1	n1597	1	0	55	185.58072916666842
n1687-1	n1586	1	0	56	184.81901041666842
n1689-1	n1592	1	0	60	185.16927083333508
n1690-1	n1591	1	0	63	185.16145833333508
n1688-1	n1587	1	0	65	184.82682291666842
n1705-1	n1594	1	0	67	185.57421875000173
n1697-1	n1590	1	0	72	185.14322916666842
n1698-1	n1589	1	0	75	185.12500000000176
n1699-1	n1588	1	0	84	185.1184895833351
n1708-1	n1604	1	0	55	186.34244791666845
n1706-1	n1599	1	0	58	186.0000000000018
n1710-1	n1607	1	0	58	186.69791666666845
n1707-1	n1600	1	0	61	186.00651041666845
n1711-1	n1606	1	0	65	186.68359375000176
n1709-1	n1603	1	0	67	186.3398437500018
n1716-1	n1605	1	0	73	186.3515625000018
n1717-1	n1601	1	0	75	186.3242187500018
n1718-1	n1602	1	0	85	186.3242187500018
n1751-1	n1619	1	0	37	187.74088541666848
n1752-1	n1616	1	0	46	187.7265625000018
n1753-1	n1618	1	0	49	187.73177083333513
n1730-1	n1617	1	0	54	187.7304687500018
n1712-1	n1609	1	0	55	187.00651041666845
n1714-1	n1614	1	0	58	187.33333333333513
n1715-1	n1613	1	0	61	187.31901041666845
n1713-1	n1608	1	0	63	186.99869791666845
n1731-1	n1615	1	0	66	187.72395833333513
n1722-1	n1612	1	0	73	187.3020833333351
n1723-1	n1611	1	0	75	187.29947916666845
n1724-1	n1610	1	0	79	187.28385416666845
n1734-1	n1626	1	0	54	188.46875000000182
n1732-1	n1621	1	0	58	188.17447916666848
n1736-1	n1631	1	0	58	188.92317708333516
n1733-1	n1620	1	0	61	188.16796875000182
n1737-1	n1629	1	0	65	188.9049479166685
n1735-1	n1625	1	0	66	188.45963541666848
n1742-1	n1624	1	0	70	188.45182291666848
n1745-1	n1630	1	0	70	188.90625000000185
n1743-1	n1622	1	0	73	188.44531250000182
n1746-1	n1628	1	0	73	188.90364583333516
n1747-1	n1627	1	0	77	188.89192708333516
n1744-1	n1623	1	0	78	188.44791666666848
n1777-1	n1641	1	0	37	189.97786458333513
n1778-1	n1642	1	0	47	189.97786458333513
n1779-1	n1643	1	0	49	189.98697916666845
n1755-1	n1640	1	0	53	189.9687500000018
n1738-1	n1633	1	0	54	189.2578125000018
n1740-1	n1638	1	0	58	189.5625000000018
n1741-1	n1637	1	0	61	189.54947916666845
n1756-1	n1639	1	0	62	189.9570312500018
n1739-1	n1632	1	0	63	189.25000000000182
n1748-1	n1636	1	0	66	189.5468750000018
n1749-1	n1635	1	0	70	189.53645833333513
n1750-1	n1634	1	0	75	189.52864583333513
n1759-1	n1650	1	0	53	190.71093750000185
n1757-1	n1644	1	0	56	190.38151041666845
n1761-1	n1653	1	0	56	191.0598958333352
n1758-1	n1645	1	0	59	190.3841145833351
n1762-1	n1652	1	0	61	191.03776041666853
n1760-1	n1647	1	0	62	190.70703125000182
n1766-1	n1649	1	0	65	190.7096354166685
n1767-1	n1648	1	0	68	190.70833333333516
n1768-1	n1651	1	0	71	190.7122395833352
n1769-1	n1646	1	0	74	190.69140625000182
n1802-1	n1664	1	0	37	192.11588541666862
n1803-1	n1663	1	0	46	192.10677083333528
n1804-1	n1662	1	0	49	192.09765625000193
n1763-1	n1654	1	0	53	191.36848958333522
n1781-1	n1661	1	0	54	192.08333333333525
n1765-1	n1659	1	0	56	191.67317708333525
n1764-1	n1655	1	0	59	191.37369791666856
n1774-1	n1657	1	0	65	191.64713541666856
n1782-1	n1660	1	0	66	192.07942708333525
n1775-1	deletion
n1776-1	n1656	1	0	73	191.63802083333525
n1785-1	n1671	1	0	54	192.808593750002
n1783-1	n1665	1	0	58	192.50130208333533
n1787-1	n1676	1	0	58	193.292968750002
n1784-1	n1666	1	0	61	192.50520833333533
n1788-1	n1673	1	0	65	193.2747395833353
n1786-1	n1670	1	0	66	192.804687500002
n1793-1	n1668	1	0	70	192.792968750002
n1796-1	n1674	1	0	70	193.281250000002
n1794-1	n1669	1	0	73	192.80338541666865
n1797-1	n1675	1	0	73	193.289062500002
n1798-1	n1672	1	0	80	193.2630208333353
n1795-1	n1667	1	0	82	192.77994791666865
n1820-1	n1686	1	0	37	194.40755208333536
n1821-1	n1688	1	0	47	194.42968750000205
n1822-1	n1687	1	0	49	194.4205729166687
n1806-1	n1685	1	0	53	194.38932291666868
n1789-1	n1678	1	0	54	193.62109375000202
n1791-1	n1683	1	0	58	193.95442708333536
n1792-1	n1682	1	0	61	193.93359375000202
n1807-1	n1684	1	0	62	194.38802083333533
n1790-1	n1677	1	0	63	193.61979166666868
n1799-1	n1681	1	0	70	193.92578125000202
n1800-1	n1680	1	0	73	193.92317708333536
n1801-1	n1679	1	0	78	193.8932291666687
n1810-1	n1694	1	0	53	195.38671875000213
n1808-1	n1689	1	0	56	194.9570312500021
n1812-1	n1697	1	0	56	195.81901041666882
n1809-1	n1690	1	0	59	194.9609375000021
n1813-1	n1696	1	0	61	195.7981770833355
n1811-1	n1693	1	0	62	195.3815104166688
n1817-1	n1692	1	0	68	195.37890625000213
n1818-1	n1695	1	0	71	195.40755208333547
n1819-1	n1691	1	0	77	195.37109375000213
n1814-1	n1699	1	0	53	196.15625000000216
n1825-1	n1701	1	0	53	196.80729166666885
n1816-1	n1700	1	0	56	196.4882812500022
n1815-1	n1698	1	0	59	196.1380208333355
n1828-1	n1704	1	0	49	197.77994791666882
n1832-1	deletion
n1826-1	n1702	1	0	50	197.15885416666885
n1831-1	deletion
n1827-1	n1703	1	0	53	197.47526041666885
n1834-1	n1707	1	0	41	198.7747395833355
n1830-1	n1706	1	0	44	198.45572916666887
n1829-1	n1705	1	0	47	198.1419270833355
n1837-1	n1710	1	0	37	199.9296875000022
n1841-1	deletion
n1835-1	n1708	1	0	38	199.1367187500022
n1840-1	deletion
n1836-1	n1709	1	0	41	199.5195312500022
n1842-1	n1712	1	0	35	201.07682291666887
n1839-1	deletion
n1852-1	n1713	1	0	36	202.44140625000227
n1838-1	n1711	1	0	41	200.4140625000022
n1843-1	n1714	1	0	60	202.97005208333562
n1846-1	n1718	1	0	64	203.79687500000233
n1844-1	n1716	1	0	65	203.30859375000233
n1847-1	n1719	1	0	67	203.82031250000233
n1845-1	n1715	1	0	69	203.29687500000233
n1851-1	n1717	1	0	72	203.77734375000233
n1865-1	n1723	1	0	35	204.61067708333564
n1866-1	n1726	1	0	36	204.80729166666902
n1850-1	n1722	1	0	60	204.46223958333564
n1848-1	n1721	1	0	62	204.18489583333564
n1853-1	n1725	1	0	64	204.76822916666902
n1849-1	n1720	1	0	65	204.182291666669
n1854-1	n1724	1	0	67	204.76692708333567
n1855-1	n1727	1	0	62	205.08072916666902
n1858-1	n1732	1	0	65	205.80989583333567
n1856-1	n1729	1	0	67	205.3802083333357
n1859-1	n1731	1	0	69	205.79947916666902
n1857-1	n1728	1	0	70	205.35416666666904
n1864-1	n1730	1	0	74	205.78125000000236
n1879-1	n1736	1	0	35	206.5651041666691
n1880-1	n1738	1	0	36	206.72265625000244
n1862-1	n1735	1	0	62	206.4153645833358
n1860-1	n1734	1	0	64	206.15885416666907
n1867-1	n1739	1	0	65	206.72265625000244
n1861-1	n1733	1	0	67	206.15364583333573
n1868-1	n1737	1	0	69	206.70703125000244
n1869-1	n1740	1	0	65	207.0351562500025
n1872-1	n1745	1	0	72	207.83463541666922
n1870-1	n1742	1	0	74	207.37239583333584
n1873-1	n1744	1	0	76	207.82942708333587
n1871-1	n1741	1	0	77	207.3541666666692
n1878-1	n1743	1	0	77	207.82552083333587
n1876-1	n1748	1	0	65	208.62109375000261
n1881-1	n1751	1	0	69	208.92838541666927
n1874-1	n1747	1	0	70	208.2981770833359
n1882-1	n1750	1	0	72	208.91666666666927
n1875-1	n1746	1	0	74	208.2903645833359
n1891-1	n1749	1	0	77	208.90885416666927
n1885-1	n1754	1	0	65	209.6002604166693
n1886-1	n1757	1	0	67	209.91536458333596
n1883-1	n1753	1	0	70	209.26822916666927
n1887-1	n1756	1	0	70	209.9088541666693
n1884-1	n1752	1	0	74	209.25260416666927
n1892-1	n1755	1	0	77	209.89062500000264
n1890-1	n1760	1	0	65	210.55338541666936
n1888-1	n1759	1	0	69	210.27864583333601
n1894-1	n1761	1	0	69	210.7968750000027
n1889-1	n1758	1	0	72	210.25260416666936
n1895-1	n1762	1	0	77	210.95052083333607
n1896-1	n1763	1	0	84	211.24479166666944
n1902-1	n1764	1	0	53	211.61718750000279
n1905-1	n1768	1	0	64	212.33984375000279
n1903-1	n1766	1	0	65	211.94791666666944
n1906-1	n1767	1	0	67	212.33203125000279
n1904-1	n1765	1	0	69	211.93619791666944
n1899-1	n1770	1	0	72	212.44010416666947
n1900-1	n1769	1	0	84	212.41536458333613
n1909-1	n1773	1	0	53	213.08333333333616
n1915-1	n1775	1	0	60	213.43489583333618
n1907-1	n1772	1	0	62	212.7929687500028
n1916-1	n1774	1	0	64	213.4205729166695
n1908-1	n1771	1	0	65	212.7760416666695
n1917-1	n1776	1	0	53	213.74088541666956
n1920-1	n1779	1	0	65	214.36979166666953
n1918-1	n1778	1	0	67	214.06770833333618
n1921-1	n1780	1	0	69	214.38020833333618
n1919-1	n1777	1	0	70	214.04296875000284
n1913-1	deletion
n1914-1	deletion
n1924-1	n1785	1	0	53	215.20182291666958
n1930-1	n1786	1	0	62	215.51432291666958
n1922-1	n1784	1	0	64	214.8398437500029
n1931-1	n1787	1	0	65	215.51692708333624
n1923-1	n1783	1	0	67	214.82291666666956
n1932-1	n1788	1	0	53	215.83203125000293
n1935-1	n1792	1	0	60	216.54296875000296
n1933-1	n1789	1	0	62	216.17187500000296
n1938-1	n1791	1	0	64	216.5416666666696
n1934-1	n1790	1	0	65	216.1770833333363
n1928-1	n1794	1	0	77	216.67187500000296
n1929-1	n1793	1	0	89	216.6588541666696
n1937-1	n1797	1	0	53	217.35937500000293
n1944-1	n1801	1	0	57	217.6914062500029
n1936-1	n1795	1	0	58	217.03125000000296
n1950-1	n1800	1	0	60	217.68880208333624
n1939-1	n1796	1	0	62	217.0377604166696
n1940-1	n1799	1	0	77	217.68619791666958
n1941-1	n1798	1	0	89	217.65104166666958
n1946-1	n1804	1	0	53	218.3072916666696
n1947-1	n1806	1	0	55	218.58463541666964
n1945-1	n1802	1	0	58	217.97005208333627
n1952-1	n1805	1	0	58	218.56119791666964
n1951-1	n1803	1	0	62	217.97656250000293
n1942-1	n1808	1	0	77	218.65104166666967
n1943-1	n1807	1	0	89	218.63411458333633
n1949-1	n1811	1	0	53	219.28515625000304
n1948-1	n1809	1	0	57	218.93489583333633
n1959-1	n1812	1	0	57	219.62109375000307
n1953-1	n1810	1	0	60	218.95182291666967
n1954-1	n1814	1	0	84	219.77213541666976
n1955-1	n1813	1	0	96	219.7552083333364
n1960-1	n1815	1	0	41	220.18750000000307
n1963-1	n1819	1	0	52	220.84375000000313
n1961-1	n1816	1	0	53	220.50651041666978
n1964-1	n1818	1	0	55	220.84244791666978
n1962-1	n1817	1	0	57	220.50651041666978
n1956-1	n1821	1	0	84	220.9296875000031
n1957-1	n1820	1	0	96	220.90494791666978
n1967-1	n1824	1	0	41	221.6067708333365
n1972-1	n1828	1	0	48	221.9192708333365
n1965-1	n1823	1	0	50	221.30208333333644
n1978-1	n1827	1	0	52	221.91666666666984
n1966-1	n1822	1	0	53	221.29036458333644
n1968-1	n1826	1	0	84	221.8997395833365
n1969-1	n1825	1	0	96	221.88671875000315
n1974-1	n1832	1	0	41	222.58723958333655
n1975-1	n1836	1	0	46	222.98697916666984
n1973-1	n1831	1	0	50	222.25911458333655
n1980-1	n1835	1	0	50	222.97135416666984
n1979-1	n1830	1	0	53	222.2539062500032
n1970-1	n1834	1	0	84	222.96484375000318
n1971-1	n1833	1	0	96	222.94010416666984
n1977-1	n1839	1	0	41	223.79817708333653
n1984-1	n1840	1	0	45	224.53645833333653
n1976-1	n1837	1	0	48	223.3489583333365
n1985-1	n1841	1	0	48	224.54166666666987
n1981-1	n1838	1	0	52	223.3606770833365
n1982-1	n1843	1	0	89	224.64322916666987
n1983-1	n1842	1	0	101	224.62369791666987
n1988-1	n1848	1	0	38	226.10286458333658
n1987-1	n1845	1	0	40	225.67187500000324
n1986-1	n1844	1	0	41	225.22135416666987
n1991-1	n1846	1	0	41	226.08593750000324
n1992-1	n1847	1	0	45	226.08984375000324
n1995-1	n1853	1	0	36	227.18098958333664
n1990-1	n1850	1	0	38	226.81640625000327
n1989-1	n1849	1	0	40	226.49218750000327
n2001-1	n1851	1	0	41	227.1718750000033
n2002-1	n1852	1	0	45	227.17708333333664
n1998-1	n1857	1	0	34	228.25651041666998
n1997-1	n1855	1	0	36	227.86197916667
n1996-1	n1854	1	0	38	227.52083333333664
n2003-1	n1858	1	0	41	228.25781250000333
n2004-1	n1856	1	0	45	228.23958333333667
n2007-1	n1861	1	0	33	229.25130208333672
n2000-1	n1860	1	0	34	228.98307291667004
n1999-1	n1859	1	0	36	228.63411458333667
n2013-1	n1862	1	0	41	229.36458333333675
n2014-1	n1865	1	0	48	229.4830729166701
n2005-1	n1864	1	0	89	229.47265625000344
n2006-1	n1863	1	0	101	229.46484375000344
n2010-1	n1869	1	0	38	230.7578125000035
n2009-1	n1867	1	0	40	230.33984375000347
n2008-1	n1866	1	0	41	229.9244791666701
n2015-1	n1870	1	0	41	230.76432291667015
n2016-1	n1868	1	0	45	230.7434895833368
n2019-1	n1876	1	0	36	231.86067708333687
n2012-1	n1872	1	0	38	231.46484375000352
n2011-1	n1871	1	0	40	231.12890625000352
n2025-1	n1875	1	0	41	231.84895833333687
n2026-1	n1877	1	0	45	231.86979166667018
n2017-1	n1874	1	0	89	231.8463541666702
n2018-1	n1873	1	0	101	231.82421875000352
n2022-1	n1882	1	0	34	233.04427083333695
n2021-1	n1879	1	0	36	232.60807291667027
n2020-1	n1878	1	0	38	232.21875000000355
n2027-1	n1880	1	0	41	233.03385416667027
n2028-1	n1881	1	0	45	233.0429687500036
n2034-1	n1885	1	0	33	234.454427083337
n2024-1	n1884	1	0	34	233.97265625000367
n2023-1	n1883	1	0	36	233.4752604166703
n2038-1	n1886	1	0	41	234.614583333337
n2039-1	n1889	1	0	48	234.97656250000367
n2029-1	n1888	1	0	89	234.95182291667035
n2030-1	n1887	1	0	101	234.94010416667035
n2037-1	n1894	1	0	38	237.31640625000378
n2036-1	n1891	1	0	40	236.43880208333707
n2035-1	n1890	1	0	41	235.7656250000037
n2040-1	n1893	1	0	41	237.3020833333371
n2041-1	n1892	1	0	45	237.29687500000375
n2046-1	n1898	1	0	34	241.27083333333732
n2045-1	n1896	1	0	36	240.45312500000392
n2044-1	n1895	1	0	38	239.88932291667055
n2050-1	n1897	1	0	41	241.26171875000398
n2051-1	n1899	1	0	45	241.32291666667066
n2047-1	n1900	1	0	35	242.8541666666708
n2053-1	n1901	1	0	35	244.0559895833375
n2054-1	n1902	1	0	36	244.26041666667084
n2055-1	n1903	1	0	38	244.48437500000415
n2057-1	n1907	1	0	33	247.94661458333758
n2056-1	n1906	1	0	36	244.93619791667084
n2059-1	n1905	1	0	41	244.93359375000418
n2060-1	n1904	1	0	45	244.93229166667084
n2058-1	n1908	1	0	29	250.33723958333758
n2061-1	n1909	1	0	41	250.89453125000426
n2062-1	n1910	1	0	45	252.3281250000043
insertion	n135	1	0	86	27.035156249999925
insertion	n137	1	0	88	27.544270833333254
insertion	n160	1	0	49	33.5104166666666
insertion	n162	1	0	55	33.622395833333265
insertion	n222	1	0	53	42.92057291666671
insertion	n266	1	0	55	49.83593750000009
insertion	n349	1	0	61	62.878906250000256
insertion	n377	1	0	54	66.21223958333353
insertion	n451	1	0	78	78.28906249999994
insertion	n517	1	0	66	89.192708333333
insertion	n518	1	0	65	89.62760416666629
insertion	n522	1	0	63	90.15234374999963
insertion	n546	1	0	65	94.46093749999949
insertion	n670	1	0	53	105.64973958333249
insertion	n680	1	0	53	106.28124999999916
insertion	n715	1	0	65	108.29817708333246
insertion	n1048	1	0	65	140.10677083333252
insertion	n1032	1	0	79	139.3736979166659
insertion	n1099	1	0	61	143.54947916666586
insertion	n1094	1	0	67	143.41145833333255
insertion	n1153	1	0	74	149.9726562499998
insertion	n1158	1	0	74	150.3059895833332
insertion	n1163	1	0	74	150.64062499999991
insertion	n1168	1	0	74	150.9479166666666
insertion	n1187	1	0	72	152.12760416666669
insertion	n1189	1	0	69	152.13671875000003
insertion	n1254	1	0	70	155.88932291666706
insertion	n1311	1	0	62	158.9843750000006
insertion	n1308	1	0	84	158.77864583333388
insertion	n1658	1	0	71	191.65885416666856
insertion	n1781	1	0	86	214.4934895833362
insertion	n1782	1	0	74	214.51171875000287
insertion	n1829	1	0	84	221.95963541666984
