onset_beat,duration_beat,pitch,id
0.25,0.25,38,n10
0.75,0.25,38,n13
1.25,0.25,38,n16
1.75,0.25,38,n19
0.0,0.25,50,n1
0.25,0.25,50,n11
0.5,0.25,50,n3
0.75,0.25,50,n14
1.0,0.25,50,n5
1.25,0.25,50,n17
1.5,0.25,50,n7
1.75,0.25,50,n20
2.25,0.25,38,n30
2.75,0.25,38,n33
2.0,0.25,50,n21
2.25,0.25,50,n31
2.5,0.25,50,n23
2.75,0.25,50,n34
3.25,0.25,38,n36
3.75,0.25,38,n39
3.0,0.25,50,n25
3.25,0.25,50,n37
3.5,0.25,50,n27
3.75,0.25,50,n40
4.25,0.25,38,n50
4.75,0.25,38,n53
4.0,0.25,50,n41
4.25,0.25,50,n51
4.5,0.25,50,n43
4.75,0.25,50,n54
5.25,0.25,38,n56
5.75,0.25,38,n59
5.0,0.25,50,n45
5.25,0.25,50,n57
5.5,0.25,50,n47
5.75,0.25,50,n60
6.25,0.25,38,n70
6.75,0.25,38,n73
6.0,0.25,50,n61
6.25,0.25,50,n71
6.5,0.25,50,n63
6.75,0.25,50,n74
7.25,0.25,38,n76
7.75,0.25,38,n79
7.0,0.25,50,n65
7.25,0.25,50,n77
7.5,0.25,50,n67
7.75,0.25,50,n80
8.25,0.25,38,n94
8.75,0.25,38,n97
8.0,0.25,48,n81
8.5,0.25,48,n84
8.25,0.25,50,n95
8.75,0.25,50,n98
8.0,0.25,52,n82
8.5,0.25,52,n85
9.25,0.25,38,n100
9.75,0.25,38,n103
9.0,0.25,48,n87
9.5,0.25,48,n90
9.25,0.25,50,n101
9.75,0.25,50,n104
9.0,0.25,52,n88
9.5,0.25,52,n91
10.25,0.25,38,n118
10.75,0.25,38,n121
10.0,0.25,48,n105
10.5,0.25,48,n108
10.25,0.25,50,n119
10.75,0.25,50,n122
10.0,0.25,52,n106
10.5,0.25,52,n109
11.25,0.25,38,n124
11.75,0.25,38,n127
11.0,0.25,48,n111
11.5,0.25,48,n114
11.25,0.25,50,n125
11.75,0.25,50,n128
11.0,0.25,52,n112
11.5,0.25,52,n115
12.25,0.25,38,n138
12.75,0.25,38,n141
12.0,0.25,50,n129
12.25,0.25,50,n139
12.5,0.25,50,n131
12.75,0.25,50,n142
13.25,0.25,38,n144
13.75,0.25,38,n147
13.0,0.25,50,n133
13.25,0.25,50,n145
13.5,0.25,50,n135
13.75,0.25,50,n148
14.25,0.25,38,n158
14.75,0.25,38,n161
14.0,0.25,50,n149
14.25,0.25,50,n159
14.5,0.25,50,n151
14.75,0.25,50,n162
15.25,0.25,38,n164
15.75,0.25,38,n167
15.0,0.25,50,n153
15.25,0.25,50,n165
15.5,0.25,50,n155
15.75,0.25,50,n168
16.25,0.25,38,n182
16.75,0.25,38,n185
16.0,0.25,48,n169
16.5,0.25,48,n172
16.25,0.25,50,n183
16.75,0.25,50,n186
16.0,0.25,52,n170
16.5,0.25,52,n173
17.25,0.25,38,n188
17.75,0.25,38,n191
17.0,0.25,48,n175
17.5,0.25,48,n178
17.25,0.25,50,n189
17.75,0.25,50,n192
17.0,0.25,52,n176
17.5,0.25,52,n179
18.25,0.25,38,n206
18.75,0.25,38,n209
18.0,0.25,48,n193
18.5,0.25,48,n196
18.25,0.25,50,n207
18.75,0.25,50,n210
18.0,0.25,52,n194
18.5,0.25,52,n197
18.0,0.25,55,n195
18.5,0.25,55,n198
19.25,0.25,38,n212
19.75,0.25,38,n215
19.0,0.25,48,n199
19.25,0.25,50,n213
19.5,0.25,50,n202
19.75,0.25,50,n216
19.0,0.25,52,n200
19.75,0.25,52,n204
19.5,0.25,53,n203
19.0,0.25,55,n201
20.25,0.25,38,n226
20.75,0.25,38,n229
20.0,0.25,50,n217
20.25,0.25,50,n227
20.5,0.25,50,n219
20.75,0.25,50,n230
21.25,0.25,38,n232
21.75,0.25,38,n235
21.0,0.25,50,n221
21.25,0.25,50,n233
21.5,0.25,50,n223
21.75,0.25,50,n236
22.25,0.25,38,n246
22.75,0.25,38,n249
22.0,0.25,50,n237
22.25,0.25,50,n247
22.5,0.25,50,n239
22.75,0.25,50,n250
23.25,0.25,38,n252
23.75,0.25,38,n255
23.0,0.25,50,n241
23.25,0.25,50,n253
23.75,0.25,50,n256
23.5,0.25,63,n243
24.25,0.25,38,n266
24.75,0.25,38,n269
24.0,0.25,39,n257
24.5,0.25,50,n259
24.25,0.25,51,n267
24.75,0.25,52,n270
25.25,0.25,38,n272
25.75,0.25,38,n275
25.0,0.25,50,n261
25.5,0.25,50,n263
26.25,0.25,38,n288
26.75,0.25,38,n291
26.0,0.25,48,n277
26.5,0.25,50,n281
26.75,0.25,50,n292
26.0,0.25,51,n278
26.0,0.25,54,n279
27.25,0.25,38,n294
27.75,0.25,38,n297
27.0,0.25,50,n283
27.25,0.25,50,n295
27.5,0.25,50,n285
27.75,0.25,50,n298
28.0,0.25,38,n299
28.25,0.25,38,n308
28.5,0.25,38,n301
28.75,0.25,38,n311
28.25,0.25,50,n309
28.75,0.25,50,n312
29.0,0.25,38,n303
29.25,0.25,38,n314
29.5,0.25,38,n305
29.75,0.25,38,n317
29.25,0.25,50,n315
29.75,0.25,50,n318
30.25,0.25,38,n329
30.75,0.25,38,n332
30.0,0.25,50,n319
30.25,0.25,50,n330
30.5,0.25,50,n321
30.75,0.25,50,n333
31.25,0.25,38,n335
31.75,0.25,38,n338
31.5,0.25,49,n325
31.0,0.25,50,n323
31.25,0.25,50,n336
31.75,0.25,50,n339
31.5,0.25,51,n326
32.25,0.25,38,n353
32.75,0.25,38,n356
32.0,0.25,48,n340
32.5,0.25,48,n343
32.25,0.25,50,n354
32.75,0.25,50,n357
32.0,0.25,52,n341
32.5,0.25,52,n344
33.25,0.25,38,n359
33.75,0.25,38,n362
33.0,0.25,48,n346
33.5,0.25,48,n349
33.25,0.25,50,n360
33.75,0.25,50,n363
33.0,0.25,52,n347
33.5,0.25,52,n350
34.25,0.25,38,n377
34.75,0.25,38,n380
34.0,0.25,48,n364
34.5,0.25,48,n367
34.25,0.25,50,n378
34.75,0.25,50,n381
34.0,0.25,52,n365
34.5,0.25,52,n368
35.25,0.25,38,n383
35.75,0.25,38,n386
35.0,0.25,48,n370
35.5,0.25,48,n373
35.25,0.25,50,n384
35.75,0.25,50,n387
35.0,0.25,52,n371
35.5,0.25,52,n374
36.25,0.25,38,n405
36.75,0.25,38,n408
36.0,0.25,48,n388
36.5,0.25,48,n392
36.25,0.25,50,n406
36.75,0.25,50,n409
36.0,0.25,52,n389
36.5,0.25,52,n393
36.0,0.25,55,n390
36.5,0.25,55,n394
37.25,0.25,38,n411
37.75,0.25,38,n414
37.0,0.25,48,n396
37.5,0.25,48,n400
37.25,0.25,50,n412
37.75,0.25,50,n415
37.0,0.25,52,n397
37.5,0.25,52,n401
37.0,0.25,55,n398
37.5,0.25,55,n402
38.25,0.25,38,n429
38.75,0.25,38,n432
38.0,0.25,48,n416
38.5,0.25,48,n419
38.25,0.25,50,n430
38.75,0.25,50,n433
38.0,0.25,52,n417
38.5,0.25,52,n420
38.0,0.25,55,n418
38.5,0.25,55,n421
39.25,0.25,38,n435
39.75,0.25,38,n438
39.0,0.25,48,n422
39.25,0.25,50,n436
39.5,0.25,50,n425
39.75,0.25,50,n439
39.0,0.25,52,n423
39.75,0.25,52,n427
39.5,0.25,53,n426
39.0,0.25,55,n424
40.25,0.25,38,n449
40.75,0.25,38,n452
40.0,0.25,50,n440
40.25,0.25,50,n450
40.5,0.25,50,n442
40.75,0.25,50,n453
41.25,0.25,38,n455
41.75,0.25,38,n458
41.0,0.25,50,n444
41.25,0.25,50,n456
41.5,0.25,50,n446
41.75,0.25,50,n459
42.25,0.25,38,n469
42.75,0.25,38,n472
42.0,0.25,50,n460
42.25,0.25,50,n470
42.5,0.25,50,n462
42.75,0.25,50,n473
43.25,0.25,38,n475
43.75,0.25,38,n478
43.0,0.25,50,n464
43.25,0.25,50,n476
43.5,0.25,50,n466
43.75,0.25,50,n479
44.25,0.25,38,n489
44.75,0.25,38,n492
44.0,0.25,50,n480
44.25,0.25,50,n490
44.5,0.25,50,n482
44.75,0.25,50,n493
45.25,0.25,38,n495
45.75,0.25,38,n498
45.0,0.25,50,n484
45.25,0.25,50,n496
45.5,0.25,50,n486
45.75,0.25,50,n499
46.25,0.25,38,n509
46.75,0.25,38,n512
46.0,0.25,50,n500
46.25,0.25,50,n510
46.5,0.25,50,n502
46.75,0.25,50,n513
47.25,0.25,38,n515
47.0,0.25,50,n504
47.25,0.25,50,n516
47.5,0.25,50,n506
47.75,0.25,53,n507
48.5,0.25,53,n520
48.0,0.25,57,n518
48.25,0.25,57,n519
48.75,0.25,57,n521
48.0,0.5,58,n526
48.5,0.5,59,n527
49.5,0.5,48,n529
49.0,0.5,49,n528
49.0,0.25,50,n522
49.25,0.25,50,n523
49.5,0.25,50,n524
49.75,0.25,53,n525
50.5,0.25,53,n532
50.0,0.25,57,n530
50.25,0.25,57,n531
50.75,0.25,57,n533
50.0,0.5,59,n538
50.5,0.5,60,n539
51.0,0.5,47,n540
51.0,0.25,50,n534
51.25,0.25,50,n535
51.5,0.25,50,n536
51.75,0.25,53,n537
51.5,0.5,61,n541
52.5,0.5,46,n551
52.5,0.25,53,n544
52.0,0.25,57,n542
52.25,0.25,57,n543
52.75,0.25,57,n545
52.0,0.5,62,n550
53.0,0.5,45,n552
53.0,0.25,50,n546
53.25,0.25,50,n547
53.5,0.25,50,n548
53.75,0.25,53,n549
53.5,0.5,63,n553
54.0,0.5,44,n562
54.5,0.25,53,n556
54.0,0.25,57,n554
54.25,0.25,57,n555
54.75,0.25,57,n557
54.5,0.5,64,n563
55.0,1.0,43,n564
55.0,0.25,50,n558
55.25,0.25,50,n559
55.5,0.25,55,n560
55.75,0.25,58,n561
56.5,0.25,58,n567
56.0,0.25,62,n565
56.25,0.25,62,n566
56.75,0.25,62,n568
56.0,0.5,63,n573
56.5,0.5,64,n574
57.5,0.5,53,n576
57.0,0.5,54,n575
57.0,0.25,55,n569
57.25,0.25,55,n570
57.5,0.25,55,n571
57.75,0.25,58,n572
58.5,0.25,58,n579
58.0,0.25,62,n577
58.25,0.25,62,n578
58.75,0.25,62,n580
58.0,0.5,64,n585
58.5,0.5,65,n586
59.0,0.5,52,n587
59.0,0.25,55,n581
59.25,0.25,55,n582
59.5,0.25,55,n583
59.75,0.25,58,n584
59.5,0.5,66,n588
60.5,0.5,51,n598
60.5,0.25,58,n591
60.0,0.25,62,n589
60.25,0.25,62,n590
60.75,0.25,62,n592
60.0,0.5,67,n597
61.0,0.5,50,n599
61.0,0.25,55,n593
61.25,0.25,55,n594
61.5,0.25,55,n595
61.75,0.25,58,n596
61.5,0.5,68,n600
62.0,0.5,49,n609
62.5,0.25,58,n603
62.0,0.25,62,n601
62.25,0.25,62,n602
62.75,0.25,62,n604
62.5,0.5,69,n610
63.0,1.0,48,n611
63.0,0.25,55,n605
63.25,0.25,55,n606
63.5,0.25,55,n607
63.75,0.25,56,n608
64.5,0.5,43,n622
64.0,0.25,57,n613
64.5,0.25,57,n615
64.0,0.0,58,n612
64.75,0.25,58,n616
64.0,0.5,63,n621
65.5,0.5,37,n624
65.25,0.25,58,n618
65.0,0.25,59,n617
65.5,0.25,59,n619
65.75,0.25,60,n620
65.0,0.5,69,n623
66.5,0.5,43,n635
66.25,0.25,60,n627
66.0,0.25,61,n626
66.5,0.25,61,n628
66.0,0.0,62,n625
66.75,0.25,62,n629
66.0,0.5,64,n634
67.5,0.5,37,n637
67.0,0.25,63,n630
67.25,0.25,64,n631
67.5,0.25,65,n632
67.75,0.25,66,n633
67.0,0.5,69,n636
68.75,0.25,65,n641
68.25,0.25,66,n639
68.5,0.25,66,n640
68.0,0.25,67,n638
68.0,0.5,68,n646
68.5,0.75,68,n649
68.0,0.5,72,n648
68.5,0.75,76,n650
68.5,0.75,80,n651
69.75,0.25,63,n645
69.25,0.25,64,n643
69.5,0.25,64,n644
69.0,0.25,65,n642
69.25,0.25,68,n655
69.5,0.5,74,n659
69.25,0.25,75,n656
69.5,0.5,78,n660
69.25,0.25,79,n657
70.75,0.25,61,n664
70.25,0.25,62,n662
70.5,0.25,62,n663
70.0,0.25,63,n661
70.0,0.5,68,n669
70.5,0.5,68,n672
70.5,0.5,70,n673
70.0,0.5,72,n670
70.5,0.5,76,n674
70.0,0.5,80,n671
71.5,0.25,58,n667
71.75,0.25,59,n668
71.25,0.25,60,n666
71.0,0.25,61,n665
71.0,0.5,68,n675
71.5,0.5,68,n678
71.0,0.5,70,n676
71.5,0.5,70,n679
71.5,0.5,74,n680
71.0,0.5,75,n677
72.5,0.5,46,n691
72.25,0.25,59,n683
72.0,0.25,60,n682
72.5,0.25,60,n684
72.0,0.0,61,n681
72.75,0.25,61,n685
72.0,0.5,66,n690
73.5,0.5,40,n693
73.25,0.25,61,n687
73.0,0.25,62,n686
73.5,0.25,62,n688
73.75,0.25,63,n689
73.0,0.5,72,n692
74.5,0.5,46,n704
74.25,0.25,63,n696
74.0,0.25,64,n695
74.5,0.25,64,n697
74.0,0.0,65,n694
74.75,0.25,65,n698
74.0,0.5,67,n703
75.5,0.5,40,n706
75.0,0.25,66,n699
75.25,0.25,67,n700
75.5,0.25,68,n701
75.75,0.25,69,n702
75.0,0.5,72,n705
76.75,0.25,68,n710
76.25,0.25,69,n708
76.5,0.25,69,n709
76.0,0.25,70,n707
76.5,0.75,71,n718
76.0,0.5,75,n717
76.5,0.75,79,n719
76.5,0.75,83,n720
77.75,0.25,66,n714
77.25,0.25,67,n712
77.5,0.25,67,n713
77.0,0.25,68,n711
77.25,0.25,71,n724
77.5,0.5,71,n727
77.5,0.5,77,n728
77.25,0.25,78,n725
77.5,0.5,81,n729
77.25,0.25,82,n726
78.75,0.25,64,n733
78.25,0.25,65,n731
78.5,0.25,65,n732
78.0,0.25,66,n730
78.0,0.5,71,n739
78.5,0.5,71,n742
78.5,0.5,73,n743
78.0,0.5,75,n740
78.5,0.5,79,n744
78.0,0.5,83,n741
79.5,0.25,55,n737
79.75,0.25,58,n738
79.5,0.5,62,n736
79.25,0.25,63,n735
79.0,0.25,64,n734
79.5,0.5,70,n748
79.0,0.5,71,n745
79.0,0.5,73,n746
79.0,0.5,78,n747
79.5,0.5,79,n750
80.5,0.5,54,n762
80.0,0.5,55,n760
80.5,0.25,58,n752
80.0,0.25,62,n758
80.25,0.25,62,n759
80.75,0.25,62,n753
80.0,0.5,63,n761
80.5,0.5,64,n763
81.5,0.5,41,n766
81.0,0.5,42,n764
81.5,0.5,53,n767
81.0,0.5,54,n765
81.0,0.25,55,n754
81.25,0.25,55,n755
81.5,0.25,55,n756
81.75,0.25,58,n757
82.5,0.5,53,n778
82.0,0.5,54,n776
82.5,0.25,58,n770
82.0,0.25,62,n768
82.25,0.25,62,n769
82.75,0.25,62,n771
82.0,0.5,64,n777
82.5,0.5,65,n779
83.0,0.5,40,n780
83.0,0.5,52,n781
83.0,0.25,55,n772
83.25,0.25,55,n773
83.5,0.25,55,n774
83.75,0.25,58,n775
83.5,0.5,60,n782
83.5,0.5,63,n783
83.5,0.5,66,n784
84.5,0.5,39,n796
84.5,0.5,51,n797
84.0,0.5,57,n793
84.5,0.25,58,n787
84.0,0.25,62,n785
84.25,0.25,62,n786
84.75,0.25,62,n788
84.0,0.5,63,n794
84.0,0.5,67,n795
85.0,0.5,38,n798
85.0,0.5,50,n799
85.0,0.25,55,n789
85.25,0.25,55,n790
85.5,0.25,55,n791
85.75,0.25,58,n792
85.5,0.5,60,n800
85.5,0.5,68,n802
86.0,0.5,37,n811
86.0,0.5,49,n812
86.5,0.25,58,n805
86.5,0.5,61,n813
86.0,0.25,62,n803
86.25,0.25,62,n804
86.75,0.25,62,n806
86.5,0.5,69,n815
87.0,1.0,36,n816
87.0,1.0,48,n817
87.0,0.25,55,n807
87.25,0.25,55,n808
87.5,0.25,60,n809
87.75,0.25,63,n810
88.5,0.5,59,n828
88.0,0.5,60,n826
88.5,0.25,63,n820
88.0,0.25,67,n818
88.25,0.25,67,n819
88.75,0.25,67,n821
88.0,0.5,68,n827
88.5,0.5,69,n829
89.5,0.5,46,n832
89.0,0.5,47,n830
89.5,0.5,58,n833
89.0,0.5,59,n831
89.0,0.25,60,n822
89.25,0.25,60,n823
89.5,0.25,60,n824
89.75,0.25,63,n825
90.5,0.5,58,n844
90.0,0.5,59,n842
90.5,0.25,63,n836
90.0,0.25,67,n834
90.25,0.25,67,n835
90.75,0.25,67,n837
90.0,0.5,69,n843
90.5,0.5,70,n845
91.0,0.5,45,n846
91.0,0.5,57,n847
91.0,0.25,60,n838
91.25,0.25,60,n839
91.5,0.25,60,n840
91.75,0.25,63,n841
91.5,0.5,65,n848
91.5,0.5,68,n849
91.5,0.5,71,n850
92.5,0.5,44,n862
92.5,0.5,56,n863
92.0,0.5,62,n859
92.5,0.25,63,n853
92.0,0.25,67,n851
92.25,0.25,67,n852
92.75,0.25,67,n854
92.0,0.5,68,n860
92.0,0.5,72,n861
93.0,0.5,43,n864
93.0,0.5,55,n865
93.0,0.25,60,n855
93.25,0.25,60,n856
93.5,0.25,60,n857
93.75,0.25,63,n858
93.5,0.5,73,n868
94.0,0.5,42,n877
94.0,0.5,54,n878
94.5,0.25,63,n871
94.5,0.5,66,n879
94.0,0.25,67,n869
94.25,0.25,67,n870
94.75,0.25,67,n872
94.5,0.5,74,n881
95.0,0.5,41,n882
95.0,0.5,53,n883
95.5,0.25,58,n885
95.0,0.25,60,n873
95.25,0.25,60,n874
95.75,0.25,62,n886
95.5,0.5,66,n884
95.5,0.25,67,n875
95.75,0.25,70,n876
96.0,0.25,52,n895
96.0,0.25,57,n896
96.25,0.25,58,n897
96.5,0.25,58,n898
96.75,0.25,62,n899
96.5,0.5,65,n905
96.5,0.25,70,n889
96.0,0.25,74,n887
96.25,0.25,74,n888
96.75,0.25,74,n890
97.0,0.25,52,n900
97.0,0.25,57,n901
97.25,0.25,58,n902
97.5,0.25,58,n903
97.75,0.25,62,n904
97.5,0.5,64,n906
97.0,0.25,67,n891
97.25,0.25,67,n892
97.5,0.25,67,n893
97.75,0.25,70,n894
98.0,0.25,52,n914
98.0,0.25,57,n915
98.25,0.25,58,n916
98.5,0.25,58,n917
98.75,0.25,62,n918
98.5,0.5,63,n924
98.0,0.25,74,n907
98.25,0.25,74,n908
98.5,0.5,79,n909
99.0,0.25,52,n919
99.5,0.5,55,n925
99.0,0.25,57,n920
99.25,0.25,58,n921
99.5,0.25,59,n922
99.75,0.25,60,n923
99.0,0.25,73,n910
99.75,0.25,80,n913
99.25,0.25,81,n911
99.5,0.25,81,n912
100.0,0.5,52,n956
100.5,0.5,55,n957
100.0,0.25,60,n948
100.25,0.25,61,n949
100.5,0.25,61,n950
100.75,0.25,78,n933
100.25,0.25,79,n927
100.5,0.25,79,n930
100.0,0.25,80,n926
100.25,0.25,86,n929
100.5,0.25,86,n932
100.75,0.25,86,n935
101.0,0.5,52,n958
101.5,0.5,55,n959
101.0,0.25,62,n952
101.25,0.25,63,n953
101.5,0.25,63,n954
101.75,0.25,64,n955
101.25,0.25,77,n939
101.5,0.25,77,n942
101.75,0.25,79,n946
101.0,0.25,86,n938
101.25,0.25,86,n941
101.5,0.25,86,n944
101.75,0.25,86,n947
102.0,0.5,52,n977
102.0,0.25,64,n970
102.25,0.25,65,n971
102.5,0.25,65,n972
102.75,0.25,66,n973
102.25,0.25,75,n961
102.0,0.25,86,n960
102.5,0.25,93,n962
102.75,0.25,94,n963
103.5,0.25,60,n980
103.0,0.25,66,n974
103.25,0.25,67,n975
103.5,0.5,68,n976
103.5,0.25,69,n968
103.75,0.25,72,n969
103.25,0.25,75,n966
103.0,0.25,86,n964
103.25,0.25,87,n967
103.0,0.25,98,n965
104.0,0.25,54,n990
104.0,0.25,59,n991
104.25,0.25,60,n992
104.5,0.25,60,n993
104.75,0.25,64,n994
104.5,0.5,67,n1000
104.5,0.25,72,n984
104.0,0.25,76,n982
104.25,0.25,76,n983
104.75,0.25,76,n985
105.0,0.25,54,n995
105.0,0.25,59,n996
105.25,0.25,60,n997
105.5,0.25,60,n998
105.75,0.25,64,n999
105.5,0.5,66,n1001
105.0,0.25,69,n986
105.25,0.25,69,n987
105.5,0.25,69,n988
105.75,0.25,72,n989
106.0,0.25,54,n1009
106.0,0.25,59,n1010
106.25,0.25,60,n1011
106.5,0.25,60,n1012
106.75,0.25,64,n1013
106.5,0.5,65,n1019
106.0,0.25,76,n1002
106.25,0.25,76,n1003
106.5,0.5,81,n1004
107.0,0.25,54,n1014
107.5,0.5,57,n1020
107.0,0.25,59,n1015
107.25,0.25,60,n1016
107.5,0.25,61,n1017
107.75,0.25,62,n1018
107.0,0.25,75,n1005
107.75,0.25,82,n1008
107.25,0.25,83,n1006
107.5,0.25,83,n1007
108.0,0.5,54,n1051
108.5,0.5,57,n1052
108.0,0.25,62,n1043
108.25,0.25,63,n1044
108.5,0.25,63,n1045
108.75,0.25,64,n1046
108.75,0.25,80,n1028
108.25,0.25,81,n1022
108.5,0.25,81,n1025
108.0,0.25,82,n1021
108.75,0.25,83,n1029
108.25,0.25,84,n1023
108.5,0.25,84,n1026
108.25,0.25,88,n1024
108.5,0.25,88,n1027
108.75,0.25,88,n1030
109.0,0.5,54,n1053
109.5,0.5,57,n1054
109.0,0.25,64,n1047
109.25,0.25,65,n1048
109.5,0.25,65,n1049
109.75,0.25,66,n1050
109.25,0.25,79,n1034
109.5,0.25,79,n1037
109.75,0.25,81,n1041
109.0,0.25,88,n1033
109.25,0.25,88,n1036
109.5,0.25,88,n1039
109.75,0.25,88,n1042
110.0,0.5,54,n1071
110.0,0.25,66,n1065
110.25,0.25,67,n1066
110.5,0.25,67,n1067
110.75,0.25,68,n1068
110.25,0.25,77,n1056
110.0,0.25,88,n1055
110.5,0.25,95,n1057
110.75,0.25,96,n1058
111.5,0.25,50,n1063
111.75,0.25,52,n1064
111.0,0.5,60,n1073
111.0,0.25,68,n1069
111.25,0.25,69,n1070
111.25,0.25,77,n1061
111.0,0.25,88,n1059
111.25,0.25,89,n1062
111.0,0.25,100,n1060
112.5,0.25,33,n1088
112.25,0.25,38,n1087
112.0,0.25,50,n1086
112.0,0.25,53,n1074
112.25,0.25,54,n1075
112.5,0.25,54,n1077
112.75,0.25,55,n1078
112.25,0.25,57,n1076
112.75,0.25,58,n1079
113.5,0.25,33,n1092
113.25,0.25,38,n1091
113.0,0.25,50,n1090
113.0,0.25,55,n1080
113.25,0.25,56,n1081
113.5,0.25,56,n1083
113.75,0.25,57,n1084
113.25,0.25,59,n1082
113.75,0.25,60,n1085
114.5,0.25,33,n1108
114.25,0.25,38,n1107
114.0,0.25,50,n1106
114.0,0.25,57,n1094
114.25,0.25,58,n1095
114.5,0.25,58,n1097
114.75,0.25,59,n1098
114.25,0.25,61,n1096
114.75,0.25,62,n1099
115.5,0.25,33,n1112
115.25,0.25,38,n1111
115.0,0.25,50,n1110
115.0,0.25,59,n1100
115.25,0.25,60,n1101
115.5,0.25,60,n1103
117.75,0.25,61,n1131
118.0,0.25,61,n1145
115.25,0.25,63,n1102
115.75,0.25,64,n1105
116.5,0.25,33,n1135
116.25,0.25,40,n1134
116.0,0.25,52,n1133
116.75,0.25,63,n1123
116.25,0.25,64,n1119
116.5,0.25,64,n1121
116.75,0.25,66,n1124
116.25,0.25,67,n1120
116.5,0.25,67,n1122
116.0,0.25,68,n1118
116.5,0.5,68,n1115
117.0,0.5,68,n1116
117.5,0.5,68,n1117
118.0,0.5,68,n1141
117.5,0.25,33,n1139
117.25,0.25,40,n1138
117.75,0.25,45,n1140
117.0,0.25,52,n1137
117.25,0.25,62,n1127
117.5,0.25,62,n1129
117.0,0.25,63,n1125
117.75,0.25,64,n1132
117.25,0.25,65,n1128
117.0,0.25,66,n1126
118.5,0.25,33,n1163
118.25,0.25,40,n1162
118.0,0.25,52,n1161
118.25,0.25,60,n1147
118.75,0.25,62,n1152
118.25,0.25,63,n1148
118.0,0.25,64,n1146
118.5,0.5,68,n1142
119.5,0.25,33,n1167
119.25,0.25,40,n1166
119.75,0.25,45,n1168
119.0,0.25,52,n1165
119.75,0.25,57,n1159
119.25,0.25,61,n1156
119.5,0.25,61,n1158
119.0,0.5,68,n1143
119.5,0.5,69,n1144
120.5,0.25,36,n1183
120.25,0.25,41,n1182
120.0,0.25,53,n1181
120.0,0.25,56,n1169
120.25,0.25,57,n1170
120.5,0.25,57,n1172
120.75,0.25,58,n1173
120.25,0.25,60,n1171
120.75,0.25,61,n1174
121.5,0.25,36,n1187
121.25,0.25,41,n1186
121.0,0.25,53,n1185
121.0,0.25,58,n1175
121.25,0.25,59,n1176
121.5,0.25,59,n1178
121.75,0.25,60,n1179
121.25,0.25,62,n1177
121.75,0.25,63,n1180
122.5,0.25,36,n1203
122.25,0.25,41,n1202
122.0,0.25,53,n1201
122.0,0.25,60,n1189
122.25,0.25,61,n1190
122.5,0.25,61,n1192
122.75,0.25,62,n1193
122.25,0.25,64,n1191
122.75,0.25,65,n1194
123.5,0.25,36,n1207
123.25,0.25,41,n1206
123.75,0.25,48,n1208
123.0,0.25,53,n1205
123.0,0.25,62,n1195
123.25,0.25,63,n1196
123.5,0.25,63,n1198
123.75,0.25,64,n1199
123.25,0.25,66,n1197
123.75,0.25,67,n1200
124.5,0.25,36,n1230
124.25,0.25,43,n1229
124.75,0.25,48,n1231
124.0,0.25,55,n1228
124.75,0.25,66,n1218
124.25,0.25,67,n1214
124.5,0.25,67,n1216
124.75,0.25,69,n1219
124.25,0.25,70,n1215
124.5,0.25,70,n1217
124.0,0.5,71,n1209
124.5,0.5,71,n1210
125.0,0.5,71,n1211
125.5,0.5,71,n1212
126.0,0.5,71,n1236
125.5,0.25,36,n1234
125.25,0.25,43,n1233
125.0,0.25,55,n1232
125.75,0.25,64,n1226
125.25,0.25,65,n1222
125.5,0.25,65,n1224
126.75,0.25,65,n1247
125.75,0.25,67,n1227
125.25,0.25,68,n1223
125.5,0.25,68,n1225
125.0,0.25,69,n1221
126.5,0.25,36,n1258
126.25,0.25,43,n1257
126.0,0.25,55,n1256
126.25,0.25,63,n1242
126.5,0.25,63,n1244
126.0,0.25,64,n1240
126.25,0.25,66,n1243
126.0,0.25,67,n1241
126.5,0.5,71,n1237
127.5,0.25,36,n1262
127.25,0.25,43,n1261
127.0,0.25,55,n1260
127.75,0.25,63,n1255
127.0,0.5,71,n1238
127.5,0.5,72,n1239
128.5,0.25,37,n1271
128.25,0.25,49,n1270
128.75,0.25,49,n1272
128.0,0.25,52,n1264
128.0,0.25,61,n1269
128.25,0.25,64,n1265
128.5,0.5,76,n1266
129.5,0.25,37,n1275
129.25,0.25,49,n1274
129.75,0.25,49,n1276
129.5,0.5,53,n1268
129.0,0.25,61,n1273
129.0,0.5,77,n1267
130.5,0.25,34,n1284
130.25,0.25,46,n1283
130.75,0.25,46,n1285
130.0,0.5,53,n1277
130.0,0.25,58,n1282
130.5,0.5,65,n1278
130.0,0.5,66,n1281
131.5,0.25,33,n1288
131.25,0.25,45,n1287
131.5,0.5,54,n1280
131.0,0.25,57,n1286
131.0,0.5,78,n1279
132.5,0.25,39,n1298
132.25,0.25,51,n1297
132.0,0.25,54,n1290
132.0,0.25,63,n1296
132.25,0.25,66,n1291
132.75,0.25,66,n1293
132.5,0.25,78,n1292
133.5,0.25,39,n1302
133.25,0.25,51,n1301
133.75,0.25,51,n1303
133.5,0.5,55,n1295
133.0,0.25,63,n1300
133.0,0.5,79,n1294
134.5,0.25,36,n1312
134.25,0.25,48,n1311
134.75,0.25,48,n1313
134.0,0.5,55,n1304
134.0,0.25,60,n1310
134.5,0.5,67,n1305
134.0,0.5,68,n1309
135.5,0.25,35,n1316
135.25,0.25,47,n1315
135.5,0.25,56,n1307
135.75,0.25,57,n1308
135.0,0.25,59,n1314
135.0,0.5,80,n1306
136.5,0.25,38,n1332
136.25,0.25,43,n1331
136.0,0.25,55,n1330
136.0,0.25,58,n1318
136.25,0.25,59,n1319
136.5,0.25,59,n1321
136.75,0.25,60,n1322
136.25,0.25,62,n1320
136.75,0.25,63,n1323
137.5,0.25,38,n1336
137.25,0.25,43,n1335
137.0,0.25,55,n1334
137.0,0.25,60,n1324
137.25,0.25,61,n1325
137.5,0.25,61,n1327
137.75,0.25,62,n1328
137.25,0.25,64,n1326
137.75,0.25,65,n1329
138.5,0.25,38,n1352
138.25,0.25,43,n1351
138.0,0.25,55,n1350
138.0,0.25,62,n1338
138.25,0.25,63,n1339
138.5,0.25,63,n1341
138.75,0.25,64,n1342
138.25,0.25,66,n1340
138.75,0.25,67,n1343
139.5,0.25,38,n1356
139.25,0.25,43,n1355
139.0,0.25,55,n1354
139.0,0.25,64,n1344
139.25,0.25,65,n1345
139.5,0.25,65,n1347
139.75,0.25,66,n1348
139.25,0.25,68,n1346
139.75,0.25,69,n1349
140.5,0.25,38,n1379
140.25,0.25,45,n1378
140.75,0.25,50,n1380
140.0,0.25,57,n1377
140.75,0.25,68,n1367
140.25,0.25,69,n1363
140.5,0.25,69,n1365
140.75,0.25,71,n1368
140.25,0.25,72,n1364
140.5,0.25,72,n1366
140.0,0.5,73,n1358
140.5,0.5,73,n1359
141.5,0.25,38,n1383
141.25,0.25,45,n1382
141.0,0.25,57,n1381
141.75,0.25,66,n1375
141.25,0.25,67,n1371
141.5,0.25,67,n1373
141.0,0.25,68,n1369
141.75,0.25,69,n1376
141.25,0.25,70,n1372
141.5,0.25,70,n1374
141.0,0.25,71,n1370
141.0,0.5,73,n1360
141.5,0.5,73,n1361
142.5,0.25,38,n1407
142.25,0.25,45,n1406
142.0,0.25,57,n1405
142.75,0.25,64,n1395
142.25,0.25,65,n1391
142.5,0.25,65,n1393
142.0,0.25,66,n1389
142.75,0.25,67,n1396
142.25,0.25,68,n1392
142.0,0.25,69,n1390
142.0,0.5,73,n1385
142.5,0.5,73,n1386
143.5,0.25,38,n1411
143.25,0.25,45,n1410
143.0,0.25,57,n1409
143.75,0.25,62,n1403
143.25,0.25,66,n1400
143.5,0.25,66,n1402
143.0,0.5,73,n1387
143.5,0.5,74,n1388
144.5,0.25,41,n1427
144.25,0.25,46,n1426
144.0,0.25,58,n1425
144.0,0.25,61,n1413
144.25,0.25,62,n1414
144.5,0.25,62,n1416
144.75,0.25,63,n1417
144.25,0.25,65,n1415
144.75,0.25,66,n1418
145.5,0.25,41,n1431
145.25,0.25,46,n1430
145.0,0.25,58,n1429
145.0,0.25,63,n1419
145.25,0.25,64,n1420
145.5,0.25,64,n1422
145.75,0.25,65,n1423
145.25,0.25,67,n1421
145.75,0.25,68,n1424
146.5,0.25,41,n1447
146.25,0.25,46,n1446
146.0,0.25,58,n1445
146.0,0.25,65,n1433
146.25,0.25,66,n1434
146.5,0.25,66,n1436
146.75,0.25,67,n1437
146.25,0.25,69,n1435
146.75,0.25,70,n1438
147.5,0.25,41,n1451
147.25,0.25,46,n1450
147.0,0.25,58,n1449
147.0,0.25,67,n1439
147.25,0.25,68,n1440
147.5,0.25,68,n1442
147.75,0.25,69,n1443
147.25,0.25,71,n1441
147.75,0.25,72,n1444
148.5,0.25,41,n1474
148.25,0.25,48,n1473
148.75,0.25,53,n1475
148.0,0.25,60,n1472
148.75,0.25,71,n1462
148.25,0.25,72,n1458
148.5,0.25,72,n1460
148.75,0.25,74,n1463
148.25,0.25,75,n1459
148.5,0.25,75,n1461
148.0,0.5,76,n1453
148.5,0.5,76,n1454
149.5,0.25,41,n1478
149.25,0.25,48,n1477
149.0,0.25,60,n1476
149.75,0.25,69,n1470
149.25,0.25,70,n1466
149.5,0.25,70,n1468
149.0,0.25,71,n1464
149.75,0.25,72,n1471
149.25,0.25,73,n1467
149.5,0.25,73,n1469
149.0,0.25,74,n1465
149.0,0.5,76,n1455
149.5,0.5,76,n1456
150.5,0.25,41,n1502
150.0,0.25,60,n1500
150.75,0.25,67,n1490
150.5,0.25,68,n1488
150.0,0.25,69,n1484
150.75,0.25,70,n1491
150.25,0.25,71,n1487
150.0,0.5,76,n1480
150.5,0.5,76,n1481
151.5,0.25,41,n1506
151.75,0.25,53,n1507
151.0,0.25,60,n1504
151.75,0.25,65,n1498
151.75,0.25,68,n1499
151.25,0.25,69,n1495
151.5,0.25,69,n1497
151.0,0.5,76,n1482
151.5,0.5,77,n1483
152.0,0.5,24,n1537
152.5,0.5,26,n1538
152.0,0.25,31,n1529
152.25,0.25,32,n1530
152.5,0.25,33,n1531
152.75,0.25,34,n1532
152.75,0.25,88,n1519
153.75,0.25,88,n1528
154.5,0.5,88,n1542
155.0,0.5,88,n1543
153.25,0.25,90,n1524
152.0,0.25,91,n1513
152.75,0.25,92,n1520
152.5,0.25,93,n1518
153.5,0.25,93,n1511
152.25,0.25,94,n1516
153.0,0.5,95,n1510
152.0,0.5,100,n1508
152.5,0.5,101,n1509
153.0,0.5,28,n1539
153.5,0.5,29,n1540
153.0,0.25,35,n1533
153.25,0.25,36,n1534
153.5,0.25,37,n1535
153.75,0.25,38,n1536
153.0,0.25,91,n1522
153.75,0.25,95,n1512
154.0,0.5,31,n1569
154.5,0.5,33,n1570
154.0,0.25,39,n1561
154.25,0.25,40,n1562
154.5,0.25,41,n1563
154.75,0.25,42,n1564
155.0,0.25,83,n1554
154.75,0.25,84,n1552
154.25,0.25,86,n1548
154.0,0.5,93,n1541
155.5,0.5,31,n1572
155.0,0.5,35,n1571
155.0,0.25,43,n1565
155.25,0.25,44,n1566
155.75,0.25,44,n1568
155.5,0.25,45,n1567
155.5,0.25,77,n1557
155.0,0.25,79,n1553
155.25,0.25,82,n1556
155.75,0.25,82,n1560
155.5,0.5,86,n1544
156.5,0.5,38,n1603
156.0,0.25,43,n1594
156.25,0.25,44,n1595
156.5,0.25,45,n1596
156.75,0.25,46,n1597
156.75,0.25,76,n1584
156.0,0.25,79,n1578
156.75,0.25,80,n1585
157.5,0.25,81,n1576
158.0,0.5,81,n1606
156.25,0.25,82,n1581
156.0,0.25,83,n1579
156.0,0.5,88,n1573
156.5,0.5,89,n1574
157.0,0.5,40,n1604
157.5,0.5,41,n1605
157.0,0.25,47,n1598
157.25,0.25,48,n1599
157.5,0.25,49,n1600
157.75,0.25,50,n1601
157.75,0.25,76,n1593
157.25,0.25,78,n1589
157.0,0.25,79,n1587
157.0,0.5,83,n1575
157.75,0.25,83,n1577
158.0,0.5,43,n1634
158.5,0.5,45,n1635
158.0,0.25,51,n1626
158.25,0.25,52,n1627
158.5,0.25,53,n1628
158.75,0.25,54,n1629
158.25,0.25,70,n1612
158.5,0.5,76,n1607
159.0,0.5,47,n1636
159.0,0.25,55,n1630
159.25,0.25,56,n1631
159.5,0.25,57,n1632
159.5,0.25,65,n1622
159.0,0.25,67,n1618
159.25,0.25,70,n1621
159.75,0.25,70,n1625
159.5,0.5,74,n1609
159.0,0.5,76,n1608
160.0,0.25,36,n1658
160.25,0.25,37,n1659
160.5,0.25,38,n1660
160.75,0.25,39,n1661
160.0,0.25,68,n1638
160.75,0.25,68,n1645
160.5,0.25,69,n1643
160.25,0.25,70,n1641
160.0,0.25,71,n1639
160.0,0.5,76,n1654
161.75,0.25,49,n1665
161.5,0.25,50,n1664
161.25,0.25,51,n1663
161.0,0.25,52,n1662
163.0,0.5,52,n1684
161.0,0.25,67,n1647
161.25,0.25,68,n1649
161.5,0.25,69,n1651
162.0,0.25,36,n1686
162.25,0.25,37,n1687
162.5,0.25,38,n1688
162.75,0.25,39,n1689
162.25,0.25,67,n1668
162.0,0.25,68,n1666
162.75,0.25,68,n1673
162.5,0.25,69,n1671
163.5,0.25,69,n1679
164.0,0.25,69,n1695
162.25,0.25,70,n1669
162.0,0.5,76,n1682
163.75,0.25,49,n1693
163.5,0.25,50,n1692
163.25,0.25,51,n1691
163.0,0.25,67,n1675
163.25,0.25,68,n1677
163.75,0.25,70,n1681
164.0,0.25,34,n1714
164.25,0.25,35,n1715
164.5,0.25,36,n1716
164.75,0.25,37,n1717
164.0,0.25,66,n1694
164.75,0.25,66,n1701
164.5,0.25,67,n1699
164.25,0.25,68,n1697
164.0,0.5,74,n1710
165.75,0.25,47,n1721
165.5,0.25,48,n1720
165.25,0.25,49,n1719
165.0,0.25,50,n1718
165.0,0.25,65,n1703
165.25,0.25,66,n1705
165.5,0.25,67,n1707
165.75,0.25,68,n1709
166.0,0.25,34,n1736
166.25,0.25,35,n1738
166.5,0.25,36,n1740
166.75,0.25,37,n1742
166.0,0.25,38,n1737
166.25,0.25,39,n1739
166.5,0.25,40,n1741
166.75,0.25,41,n1743
166.0,0.25,62,n1722
166.0,0.25,68,n1723
166.25,0.25,69,n1724
166.75,0.25,69,n1727
166.5,0.25,70,n1725
166.5,0.25,74,n1726
167.0,0.25,38,n1744
167.25,0.25,39,n1746
167.5,0.25,40,n1748
167.75,0.25,41,n1750
167.0,0.25,42,n1745
167.25,0.25,43,n1747
167.0,0.25,68,n1728
167.5,0.25,74,n1732
167.0,0.25,80,n1730
167.25,0.25,81,n1731
167.75,0.25,81,n1735
167.5,0.25,86,n1734
168.0,0.25,36,n1772
168.25,0.25,37,n1774
168.5,0.25,38,n1776
168.0,0.25,48,n1773
168.25,0.25,49,n1775
168.5,0.25,50,n1777
168.75,0.25,51,n1779
169.25,0.25,51,n1782
168.5,0.25,78,n1756
168.25,0.25,79,n1754
168.0,0.25,80,n1752
168.75,0.25,80,n1759
168.5,0.25,81,n1757
168.25,0.25,82,n1755
168.0,0.25,83,n1753
168.0,0.5,88,n1768
169.5,0.25,50,n1784
169.0,0.25,52,n1780
169.5,0.25,62,n1785
169.0,0.25,64,n1781
171.0,0.25,64,n1817
169.0,0.25,79,n1761
169.25,0.25,80,n1763
169.5,0.25,81,n1765
170.0,0.25,36,n1808
170.25,0.25,37,n1810
170.5,0.25,38,n1812
170.75,0.25,39,n1814
170.0,0.25,48,n1809
170.25,0.25,49,n1811
170.5,0.25,50,n1813
170.75,0.25,51,n1815
171.25,0.25,51,n1818
170.0,0.25,80,n1788
170.75,0.25,80,n1795
170.5,0.25,81,n1793
170.25,0.25,82,n1791
170.0,0.5,88,n1804
171.5,0.25,50,n1820
171.0,0.25,52,n1816
171.75,0.25,61,n1823
171.5,0.25,62,n1821
171.25,0.25,63,n1819
171.0,0.25,79,n1797
171.25,0.25,80,n1799
171.5,0.25,81,n1801
171.75,0.25,82,n1803
172.0,0.25,32,n1844
172.5,0.25,34,n1848
172.0,0.25,44,n1845
172.25,0.25,45,n1847
172.5,0.25,46,n1849
172.0,0.25,76,n1824
172.75,0.25,76,n1831
172.5,0.25,77,n1829
172.25,0.25,78,n1827
172.0,0.5,84,n1840
173.5,0.25,46,n1856
173.25,0.25,47,n1854
173.0,0.25,48,n1852
173.5,0.25,58,n1857
173.25,0.25,59,n1855
173.0,0.25,60,n1853
173.0,0.5,60,n1842
173.0,0.25,75,n1833
173.25,0.25,76,n1835
173.5,0.25,77,n1837
173.75,0.25,78,n1839
174.75,0.25,41,n1880
174.5,0.25,42,n1878
174.25,0.25,43,n1876
174.0,0.25,44,n1874
174.75,0.25,45,n1881
174.5,0.25,46,n1879
174.25,0.25,47,n1877
174.0,0.25,48,n1875
174.0,0.25,72,n1860
174.0,0.25,78,n1861
174.25,0.25,79,n1862
174.75,0.25,79,n1865
174.5,0.25,80,n1863
174.5,0.25,84,n1864
175.5,0.25,38,n1886
175.25,0.25,39,n1884
175.0,0.25,40,n1882
175.25,0.25,43,n1885
175.0,0.25,44,n1883
175.0,0.25,78,n1866
175.5,0.25,84,n1870
175.0,0.25,90,n1868
175.25,0.25,91,n1869
175.75,0.25,91,n1873
175.5,0.25,96,n1872
176.0,0.5,36,n1919
176.5,0.5,38,n1920
176.0,0.25,43,n1911
176.25,0.25,44,n1912
176.5,0.25,45,n1913
176.75,0.25,46,n1914
176.75,0.25,88,n1901
176.0,0.25,91,n1895
176.75,0.25,92,n1902
177.5,0.25,93,n1893
178.0,0.5,93,n1923
176.25,0.25,94,n1898
176.0,0.25,95,n1896
177.0,0.5,95,n1892
177.75,0.25,95,n1894
176.0,0.5,100,n1890
176.5,0.5,101,n1891
177.0,0.5,40,n1921
177.5,0.5,41,n1922
177.0,0.25,47,n1915
177.25,0.25,48,n1916
177.5,0.25,49,n1917
177.75,0.25,50,n1918
177.0,0.25,87,n1903
177.75,0.25,88,n1910
178.5,0.5,88,n1924
179.0,0.5,88,n1925
177.25,0.25,90,n1906
177.0,0.25,91,n1904
178.0,0.5,43,n1951
178.5,0.5,45,n1952
178.0,0.25,51,n1943
178.25,0.25,52,n1944
178.5,0.25,53,n1945
178.75,0.25,54,n1946
179.0,0.25,83,n1936
178.75,0.25,84,n1934
178.5,0.25,85,n1932
178.25,0.25,86,n1930
179.5,0.5,86,n1926
180.0,0.25,43,n1979
182.0,0.5,43,n2023
179.0,0.5,47,n1953
179.0,0.25,55,n1947
179.25,0.25,56,n1948
179.75,0.25,56,n1950
179.5,0.25,57,n1949
179.5,0.25,77,n1939
179.0,0.25,79,n1935
179.25,0.25,82,n1938
179.75,0.25,82,n1942
180.0,0.5,36,n1987
180.5,0.5,38,n1988
180.25,0.25,44,n1980
180.5,0.25,45,n1981
180.75,0.25,46,n1982
180.0,0.25,79,n1955
180.75,0.25,80,n1965
181.5,0.25,81,n1975
182.0,0.25,81,n1993
180.25,0.25,82,n1959
180.0,0.25,83,n1956
180.25,0.25,88,n1960
180.5,0.25,89,n1963
181.0,0.5,40,n1989
181.5,0.5,41,n1990
181.0,0.25,47,n1983
181.25,0.25,48,n1984
181.5,0.25,49,n1985
181.75,0.25,50,n1986
181.25,0.25,78,n1971
181.0,0.25,79,n1968
181.0,0.25,83,n1969
181.25,0.25,83,n1972
181.75,0.25,83,n1978
182.5,0.5,45,n2024
182.0,0.25,51,n2015
182.25,0.25,52,n2016
182.5,0.25,53,n2017
182.75,0.25,54,n2018
182.25,0.25,70,n1994
182.75,0.25,72,n2001
182.5,0.25,76,n1999
182.75,0.25,76,n2002
183.0,0.5,47,n2025
183.0,0.25,55,n2019
183.25,0.25,56,n2020
183.75,0.25,56,n2022
183.5,0.25,57,n2021
183.5,0.25,65,n2009
183.0,0.25,67,n2003
184.0,0.25,67,n2032
183.25,0.25,70,n2007
183.75,0.25,70,n2013
183.5,0.25,74,n2011
183.75,0.25,74,n2014
183.0,0.25,76,n2005
184.0,0.5,76,n2027
184.0,0.5,36,n2056
184.5,0.5,38,n2057
184.0,0.25,43,n2048
184.25,0.25,44,n2049
184.5,0.25,45,n2050
184.75,0.25,46,n2051
184.75,0.25,64,n2038
184.75,0.25,68,n2039
185.5,0.25,69,n2030
186.0,0.5,69,n2060
184.25,0.25,70,n2035
184.0,0.25,71,n2033
184.5,0.5,77,n2028
185.0,0.5,40,n2058
185.5,0.5,41,n2059
185.0,0.25,47,n2052
185.25,0.25,48,n2053
185.5,0.25,49,n2054
185.75,0.25,50,n2055
185.25,0.25,66,n2043
185.0,0.5,71,n2029
185.75,0.25,71,n2031
186.0,0.5,43,n2087
186.5,0.5,45,n2088
186.0,0.25,51,n2079
186.25,0.25,52,n2080
186.5,0.25,53,n2081
186.75,0.25,54,n2082
186.5,0.25,57,n2068
186.75,0.25,60,n2071
186.5,0.25,61,n2069
186.5,0.5,64,n2061
187.5,0.5,43,n2090
187.0,0.5,47,n2089
187.5,0.25,53,n2085
187.25,0.25,54,n2084
187.0,0.25,55,n2083
187.5,0.25,57,n2076
187.25,0.25,58,n2075
187.75,0.25,58,n2078
187.5,0.5,62,n2063
187.0,0.5,64,n2062
188.0,0.25,36,n2109
188.0,0.25,43,n2110
188.25,0.25,44,n2111
188.75,0.25,47,n2113
188.5,0.25,48,n2112
188.75,0.25,50,n2098
188.5,0.25,53,n2097
188.75,0.25,54,n2099
188.0,0.25,55,n2091
188.25,0.25,58,n2095
188.0,0.25,59,n2092
188.0,0.25,64,n2093
189.0,0.25,36,n2114
189.25,0.25,47,n2116
189.75,0.25,47,n2118
189.5,0.25,48,n2117
189.5,0.25,53,n2106
189.75,0.25,54,n2108
189.25,0.25,59,n2104
189.0,0.25,60,n2101
189.0,0.25,65,n2102
190.0,0.25,36,n2134
190.0,0.25,43,n2135
190.25,0.25,44,n2136
190.75,0.25,47,n2138
190.5,0.25,48,n2137
190.75,0.25,50,n2126
190.5,0.25,53,n2125
190.75,0.25,54,n2127
190.0,0.25,55,n2119
190.25,0.25,58,n2123
190.0,0.25,59,n2120
190.0,0.25,64,n2121
191.0,0.25,36,n2139
191.75,0.25,37,n2143
191.0,0.25,43,n2140
191.25,0.25,44,n2141
191.75,0.25,49,n2144
194.0,0.25,54,n2167
191.0,0.25,55,n2128
191.0,0.25,59,n2129
191.5,0.5,63,n2133
191.0,0.25,64,n2130
192.25,0.25,38,n2154
192.75,0.25,38,n2157
192.0,0.25,39,n2145
192.5,0.25,50,n2147
194.0,0.25,51,n2166
193.25,0.25,38,n2160
193.75,0.25,38,n2163
193.0,0.25,50,n2149
193.25,0.25,50,n2161
193.5,0.25,50,n2151
193.75,0.25,50,n2164
194.25,0.25,50,n2177
194.25,0.25,38,n2176
194.75,0.25,38,n2179
194.0,0.25,48,n2165
194.5,0.25,50,n2169
194.75,0.25,50,n2180
195.25,0.25,38,n2182
195.75,0.25,38,n2185
195.0,0.25,50,n2171
195.25,0.25,50,n2183
195.5,0.25,50,n2173
195.75,0.25,50,n2186
196.0,0.25,38,n2187
196.25,0.25,38,n2196
196.5,0.25,38,n2189
196.75,0.25,38,n2199
196.25,0.25,50,n2197
196.75,0.25,50,n2200
197.0,0.25,38,n2191
197.25,0.25,38,n2202
197.5,0.25,38,n2193
197.75,0.25,38,n2205
197.25,0.25,50,n2203
197.75,0.25,50,n2206
198.25,0.25,38,n2217
198.75,0.25,38,n2220
198.0,0.25,50,n2207
198.25,0.25,50,n2218
198.5,0.25,50,n2209
198.75,0.25,50,n2221
199.25,0.25,38,n2223
199.75,0.25,38,n2226
199.5,0.25,49,n2213
199.0,0.25,50,n2211
199.25,0.25,50,n2224
199.75,0.25,50,n2227
199.5,0.25,51,n2214
200.25,0.25,38,n2241
200.75,0.25,38,n2244
200.0,0.25,48,n2228
200.5,0.25,48,n2231
200.25,0.25,50,n2242
200.75,0.25,50,n2245
200.0,0.25,52,n2229
200.5,0.25,52,n2232
201.25,0.25,38,n2247
201.75,0.25,38,n2250
201.0,0.25,48,n2234
201.5,0.25,48,n2237
201.25,0.25,50,n2248
201.75,0.25,50,n2251
201.0,0.25,52,n2235
201.5,0.25,52,n2238
202.25,0.25,38,n2265
202.75,0.25,38,n2268
202.0,0.25,48,n2252
202.5,0.25,48,n2255
202.25,0.25,50,n2266
202.75,0.25,50,n2269
202.0,0.25,52,n2253
202.5,0.25,52,n2256
203.25,0.25,38,n2271
203.75,0.25,38,n2274
203.0,0.25,48,n2258
203.5,0.25,48,n2261
203.25,0.25,50,n2272
203.75,0.25,50,n2275
203.0,0.25,52,n2259
203.5,0.25,52,n2262
204.25,0.25,38,n2293
204.75,0.25,38,n2296
204.0,0.25,48,n2276
204.5,0.25,48,n2280
204.25,0.25,50,n2294
204.75,0.25,50,n2297
204.0,0.25,52,n2277
204.5,0.25,52,n2281
204.0,0.25,55,n2278
204.5,0.25,55,n2282
205.25,0.25,38,n2299
205.75,0.25,38,n2302
205.0,0.25,48,n2284
205.5,0.25,48,n2288
205.25,0.25,50,n2300
205.75,0.25,50,n2303
205.0,0.25,52,n2285
205.5,0.25,52,n2289
205.0,0.25,55,n2286
205.5,0.25,55,n2290
206.25,0.25,38,n2317
206.75,0.25,38,n2320
206.0,0.25,48,n2304
206.5,0.25,48,n2307
206.25,0.25,50,n2318
206.75,0.25,50,n2321
206.0,0.25,52,n2305
206.5,0.25,52,n2308
206.0,0.25,55,n2306
206.5,0.25,55,n2309
207.25,0.25,38,n2323
207.75,0.25,38,n2326
207.0,0.25,48,n2310
207.25,0.25,50,n2324
207.5,0.25,50,n2313
207.75,0.25,50,n2327
207.0,0.25,52,n2311
207.75,0.25,52,n2315
207.5,0.25,53,n2314
207.0,0.25,55,n2312
208.25,0.25,38,n2337
208.75,0.25,38,n2340
208.0,0.25,50,n2328
208.25,0.25,50,n2338
208.5,0.25,50,n2330
208.75,0.25,50,n2341
209.25,0.25,38,n2343
209.75,0.25,38,n2346
209.0,0.25,50,n2332
209.25,0.25,50,n2344
209.5,0.25,50,n2334
209.75,0.25,50,n2347
210.25,0.25,38,n2357
210.75,0.25,38,n2360
210.0,0.25,50,n2348
210.25,0.25,50,n2358
210.5,0.25,50,n2350
210.75,0.25,50,n2361
211.25,0.25,38,n2363
211.75,0.25,38,n2366
211.0,0.25,50,n2352
211.25,0.25,50,n2364
211.5,0.25,50,n2354
211.75,0.25,50,n2367
212.25,0.25,38,n2377
212.75,0.25,38,n2380
212.0,0.25,50,n2368
212.25,0.25,50,n2378
212.5,0.25,50,n2370
212.75,0.25,50,n2381
213.25,0.25,38,n2383
213.75,0.25,38,n2386
213.0,0.25,50,n2372
213.25,0.25,50,n2384
213.5,0.25,50,n2374
213.75,0.25,50,n2387
214.25,0.25,38,n2397
214.75,0.25,38,n2400
214.0,0.25,50,n2388
214.25,0.25,50,n2398
214.5,0.25,50,n2390
214.75,0.25,50,n2401
215.25,0.25,38,n2403
215.75,0.25,38,n2406
215.0,0.25,50,n2392
215.25,0.25,50,n2404
215.5,0.25,50,n2394
215.75,0.25,50,n2407
216.5,0.5,38,n2413
216.0,0.5,50,n2408
216.5,0.5,50,n2414
217.5,0.5,38,n2416
217.0,0.5,50,n2410
217.5,0.5,50,n2417
218.5,0.5,38,n2422
218.0,0.5,50,n2418
218.5,0.5,50,n2423
219.5,0.25,43,n2425
219.75,0.25,46,n2426
220.5,0.25,46,n2436
220.0,0.25,50,n2434
220.25,0.25,50,n2435
220.75,0.25,50,n2437
220.5,0.25,51,n2428
220.75,0.25,54,n2429
221.5,0.25,54,n2432
221.0,0.25,43,n2438
221.0,0.25,58,n2430
221.25,0.25,58,n2431
221.75,0.25,58,n2433
221.5,0.25,59,n2440
221.75,0.25,62,n2441
222.0,0.25,51,n2442
222.25,0.25,51,n2443
222.5,0.25,62,n2452
222.0,0.25,66,n2450
222.25,0.25,66,n2451
222.75,0.25,66,n2453
222.5,0.25,67,n2444
222.75,0.25,70,n2445
223.5,0.25,55,n2456
223.75,0.25,58,n2457
223.0,0.25,59,n2454
223.25,0.25,59,n2455
223.5,0.25,70,n2448
223.0,0.25,74,n2446
223.25,0.25,74,n2447
223.75,0.25,74,n2449
224.5,0.25,58,n2468
224.0,0.25,62,n2466
224.25,0.25,62,n2467
224.75,0.25,62,n2469
224.5,0.25,63,n2460
224.75,0.25,66,n2461
224.0,0.25,67,n2458
224.25,0.25,67,n2459
225.5,0.25,51,n2472
225.75,0.25,54,n2473
225.0,0.25,55,n2470
225.25,0.25,55,n2471
225.5,0.25,66,n2464
225.0,0.25,70,n2462
225.25,0.25,70,n2463
225.75,0.25,70,n2465
226.5,0.25,54,n2484
226.0,0.25,58,n2482
226.25,0.25,58,n2483
226.75,0.25,58,n2485
226.5,0.25,59,n2476
226.75,0.25,62,n2477
226.0,0.25,63,n2474
226.25,0.25,63,n2475
227.5,0.25,47,n2488
227.75,0.25,50,n2489
227.0,0.25,51,n2486
227.25,0.25,51,n2487
227.5,0.25,62,n2480
227.0,0.25,66,n2478
227.25,0.25,66,n2479
227.75,0.25,66,n2481
228.5,0.25,50,n2500
228.0,0.25,54,n2498
228.25,0.25,54,n2499
228.75,0.25,54,n2501
228.5,0.25,55,n2492
228.75,0.25,58,n2493
228.0,0.25,59,n2490
228.25,0.25,59,n2491
229.0,0.25,47,n2502
229.25,0.25,47,n2503
229.5,0.25,58,n2496
229.0,0.25,62,n2494
229.25,0.25,62,n2495
229.75,0.25,62,n2497
229.5,0.25,63,n2504
229.75,0.25,66,n2505
230.0,0.25,55,n2506
230.5,0.25,66,n2516
230.0,0.25,70,n2514
230.25,0.25,70,n2515
230.75,0.25,70,n2517
230.5,0.25,71,n2508
230.75,0.25,74,n2509
231.5,0.25,59,n2520
231.75,0.25,62,n2521
231.0,0.25,63,n2518
231.25,0.25,63,n2519
231.5,0.25,74,n2512
231.0,0.25,78,n2510
231.25,0.25,78,n2511
231.75,0.25,78,n2513
232.5,0.25,62,n2532
232.0,0.25,66,n2530
232.25,0.25,66,n2531
232.75,0.25,66,n2533
232.5,0.25,67,n2524
232.75,0.25,70,n2525
232.0,0.25,71,n2522
232.25,0.25,71,n2523
233.5,0.25,55,n2536
233.75,0.25,58,n2537
233.0,0.25,59,n2534
233.25,0.25,59,n2535
233.5,0.25,70,n2528
233.0,0.25,74,n2526
233.25,0.25,74,n2527
233.75,0.25,74,n2529
234.5,0.25,58,n2548
234.0,0.25,62,n2546
234.25,0.25,62,n2547
234.75,0.25,62,n2549
234.5,0.25,63,n2540
234.75,0.25,66,n2541
234.0,0.25,67,n2538
234.25,0.25,67,n2539
235.0,0.25,55,n2550
235.25,0.25,55,n2551
235.5,0.25,55,n2552
235.75,0.25,62,n2554
235.5,0.25,66,n2553
235.5,0.25,67,n2544
235.0,0.25,70,n2542
235.25,0.25,70,n2543
235.75,0.25,70,n2545
236.0,0.25,55,n2563
236.5,0.25,55,n2566
236.75,0.25,60,n2568
236.25,0.25,61,n2565
236.5,0.25,64,n2567
236.0,0.25,65,n2564
236.5,0.25,70,n2557
236.0,0.25,74,n2555
236.25,0.25,74,n2556
236.75,0.25,74,n2558
237.0,0.25,55,n2569
237.5,0.25,55,n2572
237.75,0.25,58,n2574
237.25,0.25,59,n2571
237.5,0.25,62,n2573
237.0,0.25,63,n2570
237.0,0.25,67,n2559
237.25,0.25,67,n2560
237.5,0.25,67,n2561
237.75,0.25,70,n2562
238.0,0.25,55,n2583
238.5,0.25,55,n2586
238.75,0.25,59,n2588
238.25,0.25,60,n2585
238.5,0.25,63,n2587
238.0,0.25,64,n2584
238.5,0.25,70,n2577
238.0,0.25,74,n2575
238.25,0.25,74,n2576
238.75,0.25,74,n2578
239.0,0.25,55,n2589
239.75,0.25,57,n2594
239.25,0.25,58,n2591
239.0,0.25,62,n2590
239.0,0.25,67,n2579
239.25,0.25,67,n2580
239.5,0.25,67,n2581
239.75,0.25,70,n2582
240.0,0.25,45,n2602
240.0,0.25,55,n2603
240.25,0.25,57,n2604
240.75,0.25,57,n2606
240.5,0.25,61,n2605
240.0,0.25,74,n2595
240.25,0.25,74,n2596
240.5,0.5,79,n2597
241.0,0.25,53,n2608
241.25,0.25,59,n2609
241.75,0.25,61,n2611
241.0,0.25,73,n2598
241.75,0.25,80,n2601
241.25,0.25,81,n2599
241.5,0.25,81,n2600
242.0,0.25,62,n2636
242.25,0.25,63,n2637
242.5,0.25,64,n2638
242.75,0.25,65,n2639
242.75,0.25,78,n2619
242.25,0.25,79,n2613
242.0,0.25,80,n2612
242.5,0.25,82,n2617
242.25,0.25,86,n2615
242.5,0.25,86,n2618
242.75,0.25,86,n2621
243.0,0.25,66,n2640
243.25,0.25,67,n2641
243.5,0.25,67,n2634
243.75,0.25,70,n2635
243.75,0.25,76,n2631
243.25,0.25,77,n2625
243.5,0.25,77,n2628
243.0,0.25,86,n2624
243.25,0.25,86,n2627
243.5,0.25,86,n2630
243.75,0.25,86,n2633
244.0,0.25,55,n2653
244.5,0.25,55,n2656
244.75,0.25,61,n2658
244.25,0.25,62,n2655
244.5,0.25,65,n2657
244.0,0.25,66,n2654
244.5,0.25,70,n2647
244.0,0.25,74,n2645
244.75,0.25,74,n2648
244.0,0.25,86,n2643
245.0,0.25,55,n2659
245.5,0.25,55,n2662
245.75,0.25,59,n2664
245.25,0.25,60,n2661
245.5,0.25,63,n2663
245.0,0.25,64,n2660
245.0,0.25,67,n2649
245.25,0.25,67,n2650
245.5,0.25,67,n2651
245.75,0.25,70,n2652
245.0,0.25,79,n2644
246.0,0.25,55,n2676
246.5,0.25,55,n2679
246.25,0.25,58,n2678
246.75,0.25,59,n2681
246.0,0.25,62,n2677
246.5,0.25,63,n2680
246.5,0.25,70,n2669
246.0,0.25,74,n2667
246.25,0.25,74,n2668
246.75,0.25,74,n2670
246.0,0.25,86,n2665
247.0,0.25,55,n2682
247.5,0.25,55,n2685
247.25,0.25,60,n2684
247.75,0.25,62,n2687
247.0,0.25,64,n2683
247.5,0.25,66,n2686
247.0,0.25,67,n2671
247.25,0.25,67,n2672
247.5,0.25,67,n2673
247.75,0.125,68,n2674
247.875,0.125,73,n2675
247.0,0.25,79,n2666
248.0,0.25,55,n2698
248.5,0.25,55,n2701
248.75,0.25,60,n2703
248.25,0.25,61,n2700
248.5,0.25,64,n2702
248.0,0.25,65,n2699
248.25,0.25,68,n2689
248.0,0.25,69,n2688
248.5,0.25,69,n2690
248.75,0.125,70,n2691
248.875,0.125,75,n2692
249.0,0.25,55,n2704
249.5,0.25,55,n2707
250.0,0.25,55,n2721
250.5,0.25,55,n2724
251.0,0.25,55,n2727
249.75,0.25,58,n2709
249.25,0.25,59,n2706
249.5,0.25,62,n2708
249.0,0.25,63,n2705
249.25,0.25,70,n2694
249.0,0.25,71,n2693
249.5,0.25,71,n2695
249.75,0.125,72,n2696
249.875,0.125,77,n2697
250.75,0.25,56,n2726
250.25,0.25,57,n2723
250.5,0.25,60,n2725
250.0,0.25,61,n2722
250.25,0.25,72,n2711
250.0,0.25,73,n2710
250.5,0.25,73,n2712
250.75,0.125,74,n2713
250.875,0.125,79,n2714
251.25,0.25,58,n2729
251.0,0.25,59,n2728
251.5,0.25,66,n2731
251.25,0.25,74,n2716
251.5,0.25,74,n2717
251.0,0.25,75,n2715
251.5,0.25,79,n2718
252.0,0.25,55,n2749
252.5,0.25,55,n2752
252.75,0.25,60,n2754
252.25,0.25,61,n2751
252.5,0.25,64,n2753
252.0,0.25,65,n2750
252.0,0.25,73,n2734
252.25,0.25,80,n2736
252.0,0.25,81,n2735
252.5,0.25,81,n2738
252.75,0.25,82,n2740
252.0,0.0,85,n2733
253.0,0.25,55,n2755
253.5,0.25,55,n2758
253.75,0.25,58,n2760
253.25,0.25,59,n2757
253.5,0.25,62,n2759
253.0,0.25,63,n2756
253.0,0.25,75,n2742
253.25,0.25,82,n2744
253.0,0.25,83,n2743
253.5,0.25,83,n2746
253.75,0.25,84,n2748
253.0,0.0,87,n2741
254.0,0.25,55,n2776
254.5,0.25,55,n2779
254.75,0.25,56,n2781
254.25,0.25,57,n2778
254.5,0.25,60,n2780
254.0,0.25,61,n2777
254.0,0.25,77,n2762
254.25,0.25,84,n2764
254.0,0.25,85,n2763
254.5,0.25,85,n2766
254.75,0.25,86,n2768
254.0,0.0,89,n2761
255.5,0.5,42,n2785
255.5,0.5,54,n2786
255.0,0.25,55,n2782
255.5,0.25,56,n2774
255.25,0.25,58,n2784
255.0,0.25,59,n2783
255.75,0.25,59,n2775
255.0,0.25,78,n2770
255.25,0.25,79,n2772
255.25,0.25,86,n2773
255.0,0.25,87,n2771
256.5,0.25,59,n2789
256.0,0.25,63,n2787
256.25,0.25,63,n2788
256.75,0.25,63,n2790
256.5,0.5,65,n2796
256.0,0.5,66,n2795
257.0,0.25,56,n2791
257.25,0.25,56,n2792
257.5,0.5,63,n2798
257.0,0.5,64,n2797
257.5,0.25,64,n2793
257.75,0.25,67,n2794
258.5,0.5,61,n2808
258.0,0.5,62,n2807
258.5,0.25,68,n2801
258.0,0.25,71,n2799
258.25,0.25,71,n2800
258.75,0.25,71,n2802
259.5,0.25,42,n2810
259.75,0.25,54,n2811
259.5,0.25,56,n2805
259.75,0.25,59,n2806
259.0,0.5,60,n2809
259.0,0.25,75,n2803
259.25,0.25,75,n2804
260.5,0.25,59,n2814
260.0,0.25,63,n2812
260.25,0.25,63,n2813
260.75,0.25,63,n2815
260.75,0.25,65,n2823
260.25,0.25,66,n2821
260.5,0.25,66,n2822
260.0,0.25,67,n2820
261.0,0.25,56,n2816
261.25,0.25,56,n2817
261.75,0.25,62,n2827
261.5,0.25,63,n2826
261.25,0.25,64,n2825
261.5,0.25,64,n2818
261.0,0.25,65,n2824
261.75,0.25,67,n2819
262.75,0.25,59,n2839
262.5,0.25,60,n2838
262.25,0.25,61,n2837
262.0,0.25,62,n2836
262.5,0.25,68,n2830
262.0,0.25,71,n2828
262.25,0.25,71,n2829
262.75,0.25,71,n2831
263.0,0.5,32,n2840
263.5,0.5,35,n2842
263.0,0.5,44,n2841
263.5,0.5,47,n2843
263.5,0.25,56,n2834
263.75,0.25,59,n2835
263.0,0.25,75,n2832
263.25,0.25,75,n2833
264.0,0.5,39,n2854
264.5,0.5,39,n2856
264.0,0.5,51,n2855
264.5,0.5,51,n2857
264.5,0.25,59,n2846
264.0,0.25,63,n2844
264.25,0.25,63,n2845
264.75,0.25,63,n2847
264.0,0.5,71,n2852
265.0,0.5,35,n2858
265.5,0.5,39,n2860
265.0,0.5,47,n2859
265.5,0.5,51,n2861
265.5,0.25,56,n2850
265.75,0.25,59,n2851
265.0,0.5,70,n2853
266.0,0.5,32,n2874
266.5,0.5,32,n2876
266.0,0.5,44,n2875
266.5,0.5,44,n2877
266.5,0.25,59,n2866
266.0,0.25,63,n2864
266.25,0.25,63,n2865
266.75,0.25,63,n2867
266.0,0.5,69,n2862
267.0,0.5,32,n2878
267.5,0.5,35,n2880
267.0,0.5,44,n2879
267.5,0.5,47,n2881
267.75,0.25,55,n2872
267.0,0.25,56,n2868
267.25,0.25,56,n2869
267.5,0.25,56,n2871
267.75,0.25,59,n2873
267.0,0.5,68,n2863
268.0,0.5,39,n2900
268.5,0.5,39,n2902
268.0,0.5,51,n2901
268.5,0.5,51,n2903
268.5,0.25,55,n2888
268.5,0.25,59,n2889
268.0,0.25,60,n2884
268.25,0.25,60,n2886
268.75,0.25,63,n2891
268.0,0.5,67,n2882
269.0,0.5,35,n2904
269.5,0.5,39,n2906
269.0,0.5,47,n2905
269.5,0.5,51,n2907
269.5,0.25,53,n2896
269.75,0.25,55,n2898
270.5,0.25,55,n2916
269.75,0.25,59,n2899
269.0,0.5,66,n2883
270.0,0.5,32,n2922
270.5,0.5,32,n2924
270.0,0.5,44,n2923
270.5,0.5,44,n2925
270.0,0.25,60,n2912
270.25,0.25,60,n2914
270.75,0.25,60,n2918
270.25,0.25,63,n2915
270.75,0.25,63,n2919
271.0,0.5,29,n2926
271.0,0.5,41,n2927
271.0,0.5,52,n2920
271.0,0.5,64,n2909
271.5,0.25,69,n2910
271.75,0.25,72,n2911
271.5,0.5,75,n2929
272.5,0.5,65,n2940
272.0,0.5,66,n2938
272.5,0.25,72,n2932
272.0,0.5,73,n2939
272.5,0.5,74,n2941
272.0,0.25,76,n2930
272.25,0.25,76,n2931
272.75,0.25,76,n2933
273.5,0.5,65,n2944
273.0,0.5,66,n2942
273.0,0.25,69,n2934
273.25,0.25,69,n2935
273.5,0.25,69,n2936
273.75,0.25,72,n2937
273.0,0.5,73,n2943
273.5,0.5,75,n2945
274.5,0.5,65,n2956
274.0,0.5,66,n2954
274.5,0.25,72,n2948
274.0,0.5,73,n2955
274.5,0.5,74,n2957
274.0,0.25,76,n2946
274.25,0.25,76,n2947
274.75,0.25,76,n2949
275.5,0.5,65,n2960
275.0,0.5,66,n2958
275.0,0.25,69,n2950
275.25,0.25,69,n2951
275.5,0.25,69,n2952
275.75,0.25,72,n2953
275.0,0.5,73,n2959
275.5,0.5,75,n2961
276.5,0.5,65,n2972
276.0,0.5,66,n2970
276.5,0.25,69,n2964
276.75,0.25,72,n2965
276.0,0.5,73,n2971
276.5,0.5,74,n2973
276.0,0.25,76,n2962
276.25,0.25,76,n2963
277.5,0.5,65,n2976
277.0,0.5,66,n2974
277.5,0.25,69,n2968
277.75,0.25,72,n2969
277.0,0.5,73,n2975
277.5,0.5,75,n2977
277.0,0.25,76,n2966
277.25,0.25,76,n2967
278.5,0.5,65,n2988
278.0,0.5,66,n2986
278.5,0.25,69,n2980
278.75,0.25,72,n2981
278.0,0.5,73,n2987
278.5,0.5,74,n2989
278.0,0.25,76,n2978
278.25,0.25,76,n2979
279.0,0.5,66,n2990
279.5,0.25,72,n2984
279.0,0.5,73,n2991
279.5,0.5,75,n2992
279.0,0.25,76,n2982
279.25,0.25,76,n2983
279.75,0.25,76,n2985
280.5,0.25,76,n2995
280.5,0.5,78,n3002
280.0,0.25,79,n2993
280.25,0.25,79,n2994
280.75,0.25,79,n2996
280.0,0.5,80,n3001
281.0,0.25,72,n2997
281.25,0.25,72,n2998
281.5,0.25,72,n2999
281.5,0.5,73,n3004
281.0,0.5,75,n3003
281.75,0.25,76,n3000
282.5,0.25,76,n3007
282.5,0.5,78,n3014
282.0,0.25,79,n3005
282.25,0.25,79,n3006
282.75,0.25,79,n3008
282.0,0.5,80,n3013
283.0,0.25,72,n3009
283.25,0.25,72,n3010
283.5,0.25,72,n3011
283.5,0.5,73,n3016
283.0,0.5,75,n3015
283.75,0.25,76,n3012
284.5,0.25,72,n3019
284.5,0.5,75,n3026
284.75,0.25,76,n3020
284.0,0.25,79,n3017
284.25,0.25,79,n3018
284.0,0.5,80,n3025
285.5,0.25,72,n3023
286.5,0.25,72,n3031
285.5,0.5,75,n3028
286.5,0.5,75,n3038
285.75,0.25,76,n3024
285.0,0.25,79,n3021
285.25,0.25,79,n3022
286.25,0.25,79,n3030
285.0,0.5,80,n3027
286.75,0.25,76,n3032
286.0,0.25,79,n3029
286.0,0.5,80,n3037
287.5,0.25,38,n3035
287.75,0.25,40,n3036
287.0,0.25,79,n3033
287.25,0.25,79,n3034
287.0,0.5,80,n3039
288.5,0.25,21,n3055
289.5,0.25,21,n3059
289.25,0.25,26,n3058
288.0,0.25,38,n3053
288.0,0.25,41,n3041
288.25,0.25,42,n3042
288.5,0.25,42,n3044
289.0,0.25,43,n3047
288.25,0.25,45,n3043
289.0,0.25,38,n3057
289.25,0.25,44,n3048
289.5,0.25,44,n3050
289.75,0.25,45,n3051
289.25,0.25,47,n3049
289.75,0.25,48,n3052
290.5,0.25,21,n3075
290.25,0.25,26,n3074
290.0,0.25,38,n3073
290.0,0.25,45,n3061
290.25,0.25,46,n3062
290.5,0.25,46,n3064
290.75,0.25,47,n3065
290.25,0.25,49,n3063
290.75,0.25,50,n3066
291.5,0.25,21,n3079
291.25,0.25,26,n3078
291.0,0.25,38,n3077
291.0,0.25,47,n3067
291.25,0.25,48,n3068
291.5,0.25,48,n3070
291.25,0.25,51,n3069
291.75,0.25,52,n3072
292.5,0.25,21,n3102
292.25,0.25,28,n3101
292.75,0.25,33,n3103
292.0,0.25,40,n3100
292.75,0.25,51,n3090
292.25,0.25,52,n3086
292.5,0.25,52,n3088
292.75,0.25,54,n3091
292.25,0.25,55,n3087
292.5,0.25,55,n3089
292.0,0.5,56,n3081
292.5,0.5,56,n3082
293.5,0.25,21,n3106
293.25,0.25,28,n3105
293.0,0.25,40,n3104
293.75,0.25,49,n3098
293.25,0.25,50,n3094
293.5,0.25,50,n3096
293.0,0.25,51,n3092
293.75,0.25,52,n3099
294.0,0.25,52,n3113
293.25,0.25,53,n3095
293.0,0.25,54,n3093
293.0,0.5,56,n3083
293.5,0.5,56,n3084
294.5,0.25,21,n3130
294.25,0.25,28,n3129
294.75,0.25,33,n3131
294.0,0.25,40,n3128
294.75,0.25,47,n3118
294.25,0.25,48,n3114
294.0,0.25,49,n3112
294.75,0.25,50,n3119
294.25,0.25,51,n3115
294.0,0.5,56,n3108
294.5,0.5,56,n3109
295.5,0.25,21,n3134
295.25,0.25,28,n3133
295.75,0.25,33,n3135
295.0,0.25,40,n3132
295.75,0.25,45,n3126
295.25,0.25,49,n3123
295.0,0.5,56,n3110
295.5,0.5,57,n3111
296.5,0.25,24,n3150
296.25,0.25,29,n3149
296.0,0.25,41,n3148
296.0,0.25,44,n3136
296.25,0.25,45,n3137
296.5,0.25,45,n3139
296.75,0.25,46,n3140
296.25,0.25,48,n3138
296.75,0.25,49,n3141
297.5,0.25,24,n3154
297.25,0.25,29,n3153
297.0,0.25,41,n3152
297.0,0.25,46,n3142
297.25,0.25,47,n3143
297.5,0.25,47,n3145
297.75,0.25,48,n3146
297.25,0.25,50,n3144
297.75,0.25,51,n3147
298.5,0.25,24,n3170
298.25,0.25,29,n3169
298.75,0.25,36,n3171
299.75,0.25,36,n3175
300.75,0.25,36,n3198
301.75,0.25,36,n3202
298.0,0.25,41,n3168
298.0,0.25,48,n3156
298.25,0.25,49,n3157
298.5,0.25,49,n3159
298.75,0.25,50,n3160
298.25,0.25,52,n3158
298.75,0.25,53,n3161
299.5,0.25,24,n3174
299.25,0.25,29,n3173
299.0,0.25,41,n3172
299.0,0.25,50,n3162
299.25,0.25,51,n3163
299.5,0.25,51,n3165
299.75,0.25,52,n3166
299.25,0.25,54,n3164
299.75,0.25,55,n3167
300.5,0.25,24,n3197
300.25,0.25,31,n3196
300.0,0.25,43,n3195
300.75,0.25,54,n3185
300.25,0.25,55,n3181
300.5,0.25,55,n3183
300.75,0.25,57,n3186
300.25,0.25,58,n3182
300.5,0.25,58,n3184
300.0,0.5,59,n3176
300.5,0.5,59,n3177
301.5,0.25,24,n3201
301.25,0.25,31,n3200
301.0,0.25,43,n3199
301.75,0.25,52,n3193
301.25,0.25,53,n3189
301.5,0.25,53,n3191
301.0,0.25,54,n3187
301.75,0.25,55,n3194
301.25,0.25,56,n3190
301.5,0.25,56,n3192
301.0,0.25,57,n3188
301.0,0.5,59,n3178
301.5,0.5,59,n3179
302.5,0.25,24,n3225
302.0,0.25,43,n3223
302.5,0.25,51,n3211
302.0,0.25,52,n3207
303.25,0.25,52,n3218
302.75,0.25,53,n3214
302.25,0.25,54,n3210
302.0,0.25,55,n3208
302.0,0.5,59,n3203
302.5,0.5,59,n3204
303.5,0.25,24,n3229
303.25,0.25,31,n3228
303.0,0.25,43,n3227
303.75,0.25,51,n3222
303.0,0.5,59,n3205
303.5,0.5,60,n3206
304.5,0.25,33,n3245
304.25,0.25,38,n3244
304.0,0.25,50,n3243
304.0,0.25,53,n3231
304.25,0.25,54,n3232
304.5,0.25,54,n3234
304.75,0.25,55,n3235
304.25,0.25,57,n3233
304.75,0.25,58,n3236
305.5,0.25,33,n3249
305.25,0.25,38,n3248
305.75,0.25,45,n3250
305.0,0.25,50,n3247
305.0,0.25,55,n3237
305.25,0.25,56,n3238
305.5,0.25,56,n3240
305.75,0.25,57,n3241
305.25,0.25,59,n3239
305.75,0.25,60,n3242
306.5,0.25,33,n3265
306.25,0.25,38,n3264
306.75,0.25,45,n3266
306.0,0.25,50,n3263
306.0,0.25,57,n3251
306.25,0.25,58,n3252
306.5,0.25,58,n3254
306.75,0.25,59,n3255
306.25,0.25,61,n3253
306.75,0.25,62,n3256
307.5,0.25,33,n3269
307.25,0.25,38,n3268
307.75,0.25,45,n3270
307.0,0.25,50,n3267
307.0,0.25,59,n3257
307.25,0.25,60,n3258
307.5,0.25,60,n3260
307.75,0.25,61,n3261
307.25,0.25,63,n3259
307.75,0.25,64,n3262
308.5,0.25,33,n3292
308.25,0.25,40,n3291
308.75,0.25,45,n3293
308.0,0.25,52,n3290
308.75,0.25,63,n3280
308.25,0.25,64,n3276
308.5,0.25,64,n3278
308.75,0.25,66,n3281
308.25,0.25,67,n3277
308.5,0.25,67,n3279
308.0,0.5,68,n3271
308.5,0.5,68,n3272
309.0,0.5,68,n3273
309.5,0.5,68,n3274
310.0,0.5,68,n3298
309.5,0.25,33,n3296
309.25,0.25,40,n3295
309.75,0.25,45,n3297
309.0,0.25,52,n3294
309.75,0.25,61,n3288
309.25,0.25,62,n3284
309.5,0.25,62,n3286
309.0,0.25,63,n3282
309.75,0.25,64,n3289
309.25,0.25,65,n3285
309.0,0.25,66,n3283
310.5,0.25,33,n3320
310.25,0.25,40,n3319
310.0,0.25,52,n3318
310.75,0.25,59,n3308
311.0,0.25,59,n3310
310.25,0.25,60,n3304
310.0,0.25,61,n3302
310.75,0.25,62,n3309
310.25,0.25,63,n3305
310.0,0.25,64,n3303
310.5,0.5,68,n3299
311.5,0.25,33,n3324
311.25,0.25,40,n3323
311.75,0.25,45,n3325
311.0,0.25,52,n3322
311.75,0.25,57,n3316
311.25,0.25,61,n3313
311.5,0.25,61,n3315
311.0,0.5,68,n3300
311.5,0.5,69,n3301
312.5,0.25,36,n3340
312.25,0.25,41,n3339
312.75,0.25,48,n3341
312.0,0.25,53,n3338
312.0,0.25,56,n3326
312.25,0.25,57,n3327
312.5,0.25,57,n3329
312.75,0.25,58,n3330
312.25,0.25,60,n3328
312.75,0.25,61,n3331
313.5,0.25,36,n3344
313.25,0.25,41,n3343
313.0,0.25,53,n3342
313.0,0.25,58,n3332
313.25,0.25,59,n3333
313.5,0.25,59,n3335
313.75,0.25,60,n3336
313.25,0.25,62,n3334
313.75,0.25,63,n3337
314.5,0.25,36,n3360
314.25,0.25,41,n3359
314.0,0.25,53,n3358
314.0,0.25,60,n3346
314.25,0.25,61,n3347
314.5,0.25,61,n3349
314.75,0.25,62,n3350
314.25,0.25,64,n3348
314.75,0.25,65,n3351
315.5,0.25,36,n3364
315.25,0.25,41,n3363
315.0,0.25,53,n3362
315.0,0.25,62,n3352
315.25,0.25,63,n3353
315.5,0.25,63,n3355
315.75,0.25,64,n3356
315.25,0.25,66,n3354
315.75,0.25,67,n3357
316.5,0.25,36,n3387
316.75,0.25,48,n3388
316.0,0.25,55,n3385
316.75,0.25,66,n3375
316.25,0.25,67,n3371
316.5,0.25,67,n3373
316.75,0.25,69,n3376
316.25,0.25,70,n3372
316.0,0.5,71,n3366
316.5,0.5,71,n3367
317.5,0.25,36,n3391
317.75,0.25,48,n3392
317.0,0.25,55,n3389
317.75,0.25,64,n3383
317.25,0.25,65,n3379
317.5,0.25,65,n3381
318.75,0.25,65,n3404
317.0,0.25,66,n3377
317.75,0.25,67,n3384
317.25,0.25,68,n3380
317.5,0.25,68,n3382
317.0,0.25,69,n3378
317.0,0.5,71,n3368
317.5,0.5,71,n3369
318.5,0.25,36,n3415
318.0,0.25,55,n3413
318.25,0.25,63,n3399
318.5,0.25,63,n3401
318.0,0.25,64,n3397
318.25,0.25,66,n3400
318.0,0.25,67,n3398
318.0,0.5,71,n3393
318.5,0.5,71,n3394
319.5,0.25,36,n3419
319.0,0.25,55,n3417
319.5,0.25,61,n3409
320.0,0.25,61,n3431
321.0,0.25,61,n3435
319.75,0.25,63,n3412
319.0,0.5,71,n3395
319.5,0.5,72,n3396
320.5,0.25,37,n3433
320.25,0.25,49,n3432
320.75,0.25,49,n3434
320.0,0.25,52,n3421
320.25,0.25,64,n3422
320.75,0.25,75,n3424
320.5,0.25,76,n3423
321.5,0.25,37,n3437
321.25,0.25,49,n3436
321.75,0.25,49,n3438
321.5,0.5,53,n3430
321.4375,0.0625,54,n3429
321.3125,0.0625,58,n3427
321.25,0.0625,60,n3426
321.0,0.25,77,n3425
322.5,0.25,34,n3446
322.25,0.25,46,n3445
322.75,0.25,46,n3447
322.0,0.5,53,n3439
322.0,0.25,58,n3444
322.5,0.5,65,n3440
322.0,0.5,66,n3443
323.5,0.25,33,n3450
323.25,0.25,45,n3449
323.5,0.5,54,n3442
323.0,0.25,57,n3448
323.0,0.5,78,n3441
324.5,0.25,39,n3464
324.75,0.25,51,n3465
324.0,0.25,54,n3452
324.0,0.25,63,n3462
324.25,0.25,66,n3453
324.5,0.25,78,n3454
325.5,0.25,39,n3468
325.25,0.25,51,n3467
325.75,0.25,51,n3469
325.5,0.5,55,n3461
325.4375,0.0625,56,n3460
325.25,0.0625,62,n3457
325.0,0.25,63,n3466
325.0,0.25,79,n3456
326.5,0.25,36,n3478
326.25,0.25,48,n3477
326.75,0.25,48,n3479
326.0,0.5,55,n3470
326.0,0.25,60,n3476
326.5,0.5,67,n3471
326.0,0.5,68,n3475
327.5,0.25,35,n3482
327.25,0.25,47,n3481
327.5,0.25,56,n3473
327.75,0.25,57,n3474
327.0,0.25,59,n3480
327.0,0.5,80,n3472
328.5,0.25,38,n3498
328.25,0.25,43,n3497
328.75,0.25,50,n3499
328.0,0.25,55,n3496
328.0,0.25,58,n3484
328.25,0.25,59,n3485
328.5,0.25,59,n3487
328.75,0.25,60,n3488
328.25,0.25,62,n3486
328.75,0.25,63,n3489
329.5,0.25,26,n3502
329.25,0.25,31,n3501
329.75,0.25,38,n3503
329.0,0.25,43,n3500
329.0,0.25,60,n3490
329.25,0.25,61,n3491
329.5,0.25,61,n3493
329.75,0.25,62,n3494
329.25,0.25,64,n3492
329.75,0.25,65,n3495
330.25,0.25,43,n3523
330.0,0.25,55,n3522
330.75,0.25,66,n3513
330.25,0.25,67,n3509
330.5,0.25,67,n3511
330.75,0.25,69,n3514
330.25,0.25,70,n3510
330.5,0.25,70,n3512
330.0,0.5,71,n3504
330.5,0.5,71,n3505
331.25,0.25,31,n3527
331.0,0.25,43,n3526
331.25,0.25,65,n3517
331.5,0.25,65,n3519
331.0,0.25,66,n3515
331.75,0.25,66,n3521
331.25,0.25,68,n3518
331.5,0.25,68,n3520
331.0,0.25,69,n3516
331.0,0.5,71,n3506
331.5,0.5,71,n3507
332.5,0.25,47,n3546
332.75,0.25,59,n3547
332.0,0.25,64,n3544
332.0,0.25,67,n3530
332.25,0.25,68,n3531
332.5,0.25,68,n3533
332.75,0.25,69,n3534
332.25,0.25,71,n3532
332.75,0.25,72,n3535
333.5,0.25,35,n3550
333.25,0.25,40,n3549
333.75,0.25,47,n3551
333.0,0.25,52,n3548
333.0,0.25,69,n3536
333.25,0.25,70,n3537
333.5,0.25,70,n3541
333.25,0.25,73,n3538
333.5,0.25,73,n3539
333.75,0.25,74,n3543
333.75,0.25,76,n3540
334.5,0.25,47,n3578
334.25,0.25,52,n3577
334.75,0.25,59,n3579
334.0,0.25,64,n3576
334.0,0.25,73,n3560
334.75,0.25,73,n3567
334.5,0.25,74,n3565
334.25,0.25,75,n3563
334.0,0.25,76,n3561
334.5,0.25,76,n3554
334.0,0.25,80,n3552
334.25,0.25,80,n3553
334.75,0.25,80,n3555
335.5,0.25,35,n3582
335.25,0.25,40,n3581
335.75,0.25,47,n3583
335.0,0.25,52,n3580
335.5,0.25,61,n3558
335.75,0.25,61,n3559
335.75,0.25,66,n3574
335.5,0.25,70,n3573
335.25,0.25,71,n3571
335.0,0.25,73,n3556
335.25,0.25,73,n3557
336.0,0.5,34,n3602
336.0,0.5,46,n3603
336.75,0.25,67,n3591
336.5,0.25,68,n3606
336.0,0.25,75,n3584
336.25,0.25,75,n3587
336.75,0.25,75,n3593
336.0,0.25,81,n3586
336.25,0.25,81,n3589
337.75,0.25,38,n3613
337.5,0.25,41,n3612
337.0,0.25,53,n3608
337.25,0.25,53,n3595
337.0,0.25,57,n3609
337.25,0.25,57,n3596
337.0,0.25,62,n3610
337.25,0.25,62,n3597
337.5,0.25,73,n3598
337.75,0.25,74,n3600
337.5,0.25,76,n3599
337.75,0.25,77,n3601
338.0,0.5,34,n3636
338.0,0.5,46,n3637
338.5,0.25,60,n3638
338.75,0.25,67,n3621
338.5,0.25,68,n3640
338.0,0.25,75,n3614
338.25,0.25,75,n3617
338.75,0.25,75,n3623
338.0,0.25,81,n3616
338.25,0.25,81,n3619
339.0,0.25,50,n3642
339.0,0.25,53,n3643
339.25,0.25,53,n3646
339.0,0.25,57,n3644
339.25,0.25,57,n3647
339.75,0.25,61,n3650
339.5,0.25,62,n3648
339.75,0.25,65,n3651
339.5,0.25,66,n3649
339.5,0.25,69,n3630
339.75,0.25,69,n3633
339.75,0.25,72,n3634
339.75,0.25,75,n3635
339.0,0.25,81,n3625
339.25,0.25,81,n3628
340.75,0.25,57,n3682
340.5,0.25,58,n3680
340.25,0.25,59,n3678
340.0,0.25,60,n3676
340.75,0.25,60,n3683
340.5,0.25,62,n3681
340.25,0.25,63,n3679
340.0,0.25,64,n3677
340.0,0.25,69,n3652
340.25,0.25,69,n3655
340.5,0.25,69,n3658
340.0,0.25,73,n3653
340.25,0.25,73,n3656
340.75,0.25,74,n3662
340.0,0.25,76,n3654
340.25,0.25,77,n3657
340.5,0.25,78,n3660
340.75,0.25,79,n3663
341.25,0.25,79,n3668
341.75,0.25,39,n3691
341.5,0.25,44,n3689
341.25,0.25,47,n3686
342.75,0.25,47,n3736
341.75,0.25,51,n3692
341.25,0.25,55,n3688
341.0,0.25,80,n3666
341.25,0.25,83,n3669
342.25,0.25,83,n3696
341.5,0.25,83,n3670
342.5,0.25,83,n3699
341.75,0.25,83,n3673
341.5,0.25,87,n3671
341.75,0.25,87,n3674
341.5,0.25,88,n3672
341.75,0.25,89,n3675
342.75,0.25,35,n3735
345.5,0.25,35,n3776
342.5,0.25,36,n3733
342.25,0.25,37,n3731
342.0,0.25,38,n3729
342.5,0.25,48,n3734
342.25,0.25,49,n3732
342.0,0.25,50,n3730
342.0,0.25,83,n3693
342.75,0.25,84,n3702
342.0,0.25,87,n3694
342.0,0.25,90,n3695
342.25,0.25,91,n3698
342.5,0.25,92,n3701
344.75,0.25,92,n3726
342.75,0.25,93,n3704
345.0,0.25,93,n3758
344.5,0.25,28,n3749
344.25,0.25,29,n3747
345.25,0.25,34,n3775
345.75,0.25,36,n3777
345.0,0.25,38,n3774
344.75,0.25,39,n3752
344.5,0.25,40,n3750
344.25,0.25,41,n3748
345.75,0.25,90,n3764
344.5,0.25,91,n3723
345.5,0.25,91,n3762
345.25,0.25,92,n3760
346.25,0.25,92,n3769
345.75,0.25,94,n3765
345.5,0.25,95,n3763
344.25,0.25,99,n3722
344.5,0.25,100,n3725
344.75,0.25,101,n3728
345.5,0.5,103,n3754
346.0,0.5,30,n3784
346.5,0.5,31,n3785
346.0,0.25,37,n3778
346.25,0.25,38,n3779
346.5,0.25,39,n3780
346.75,0.25,40,n3781
346.5,0.25,87,n3770
347.5,0.5,90,n3787
348.0,0.5,90,n3788
349.0,0.5,90,n3818
346.5,0.25,91,n3771
346.5,0.25,95,n3756
346.0,0.5,97,n3755
346.75,0.25,97,n3757
347.0,0.5,33,n3814
348.5,0.5,33,n3817
347.5,0.5,35,n3815
347.0,0.25,41,n3806
347.25,0.25,42,n3807
347.5,0.25,43,n3808
347.75,0.25,44,n3809
347.5,0.25,83,n3794
347.0,0.25,85,n3790
347.75,0.25,86,n3797
347.5,0.25,87,n3795
347.25,0.25,88,n3793
347.0,0.5,95,n3786
348.0,0.5,37,n3816
348.0,0.25,45,n3810
348.25,0.25,46,n3811
348.75,0.25,46,n3813
348.5,0.25,47,n3812
348.5,0.25,79,n3802
348.0,0.25,81,n3798
348.5,0.25,83,n3803
348.25,0.25,84,n3801
348.5,0.5,88,n3789
349.0,0.5,38,n3847
349.5,0.5,40,n3848
349.0,0.25,45,n3839
349.25,0.25,46,n3840
349.5,0.25,47,n3841
349.75,0.25,48,n3842
349.75,0.25,78,n3829
349.0,0.25,81,n3823
349.75,0.25,82,n3830
349.25,0.25,84,n3826
349.0,0.25,85,n3824
349.5,0.5,91,n3819
350.0,0.5,42,n3849
350.5,0.5,43,n3850
350.0,0.25,49,n3843
350.25,0.25,50,n3844
350.5,0.25,51,n3845
350.75,0.25,52,n3846
350.75,0.25,74,n3837
350.5,0.25,75,n3835
351.5,0.5,78,n3852
352.0,0.5,78,n3853
353.0,0.5,78,n3899
350.5,0.25,79,n3836
350.25,0.25,80,n3834
350.0,0.25,81,n3832
350.5,0.25,83,n3821
350.0,0.5,85,n3820
350.75,0.25,85,n3822
351.0,0.5,45,n3879
351.5,0.5,47,n3880
351.0,0.25,53,n3871
351.25,0.25,54,n3872
351.5,0.25,55,n3873
351.75,0.25,56,n3874
353.0,0.25,70,n3883
351.5,0.25,71,n3859
351.25,0.25,72,n3857
351.0,0.25,73,n3855
351.75,0.25,74,n3862
351.5,0.25,75,n3860
351.25,0.25,76,n3858
351.0,0.5,83,n3851
352.0,0.5,49,n3881
352.0,0.25,57,n3875
352.25,0.25,58,n3876
352.75,0.25,58,n3878
352.5,0.25,59,n3877
352.5,0.25,67,n3867
352.0,0.25,69,n3863
352.5,0.25,71,n3868
352.25,0.25,72,n3866
352.5,0.5,76,n3854
353.0,0.25,38,n3903
353.5,0.25,40,n3905
353.75,0.25,41,n3906
353.75,0.25,70,n3890
353.5,0.25,71,n3888
353.25,0.25,72,n3886
354.75,0.25,51,n3910
354.5,0.25,52,n3909
354.25,0.25,53,n3908
354.0,0.5,54,n3901
354.0,0.25,54,n3907
354.0,0.25,69,n3892
354.25,0.25,70,n3894
354.5,0.25,71,n3896
354.75,0.25,72,n3898
355.0,0.25,38,n3931
355.25,0.25,39,n3932
355.5,0.25,40,n3933
355.75,0.25,41,n3934
355.0,0.25,70,n3911
355.75,0.25,70,n3918
355.5,0.25,71,n3916
355.25,0.25,72,n3914
355.0,0.5,78,n3927
356.75,0.25,51,n3938
356.5,0.25,52,n3937
356.25,0.25,53,n3936
356.0,0.5,54,n3929
356.0,0.25,69,n3920
356.25,0.25,70,n3922
356.5,0.25,71,n3924
356.75,0.25,72,n3926
357.0,0.25,36,n3959
357.25,0.25,37,n3960
357.5,0.25,38,n3961
357.75,0.25,39,n3962
357.0,0.25,68,n3939
357.75,0.25,68,n3946
357.5,0.25,69,n3944
357.25,0.25,70,n3942
357.0,0.5,76,n3955
358.75,0.25,49,n3966
358.5,0.25,50,n3965
358.25,0.25,51,n3964
358.0,0.25,52,n3963
358.0,0.25,67,n3948
358.25,0.25,68,n3950
358.5,0.25,69,n3952
358.75,0.25,70,n3954
359.0,0.25,36,n3981
359.5,0.25,38,n3985
359.25,0.25,41,n3984
360.25,0.25,41,n3991
361.75,0.25,41,n4023
363.75,0.25,41,n4059
359.5,0.25,42,n3986
359.75,0.25,43,n3988
359.0,0.25,64,n3967
359.0,0.25,70,n3968
359.25,0.25,71,n3969
359.75,0.25,71,n3972
359.5,0.25,72,n3970
359.5,0.25,76,n3971
360.0,0.25,40,n3989
360.5,0.25,42,n3993
360.75,0.25,43,n3995
360.0,0.25,44,n3990
360.25,0.25,45,n3992
360.5,0.25,46,n3994
360.0,0.25,70,n3973
360.5,0.25,76,n3977
360.0,0.25,82,n3975
360.25,0.25,83,n3976
360.75,0.25,83,n3980
360.5,0.25,84,n3978
361.25,0.25,84,n4000
360.5,0.25,88,n3979
361.0,0.25,38,n4017
361.25,0.25,39,n4019
361.5,0.25,40,n4021
361.0,0.25,50,n4018
361.5,0.25,52,n4022
361.75,0.25,53,n4024
362.25,0.25,53,n4027
362.0,0.25,81,n4006
361.0,0.25,82,n3997
361.75,0.25,82,n4004
361.5,0.25,83,n4002
361.0,0.25,85,n3998
361.0,0.5,90,n4013
362.5,0.25,52,n4029
362.0,0.25,54,n4025
362.5,0.25,64,n4030
362.25,0.25,65,n4028
362.0,0.25,66,n4026
362.25,0.25,82,n4008
362.5,0.25,83,n4010
362.75,0.25,84,n4012
363.0,0.25,38,n4053
363.25,0.25,39,n4055
363.5,0.25,40,n4057
363.0,0.25,50,n4054
363.25,0.25,51,n4056
363.5,0.25,52,n4058
364.0,0.25,81,n4042
363.0,0.25,82,n4033
363.75,0.25,82,n4040
363.5,0.25,83,n4038
363.25,0.25,84,n4036
363.0,0.25,85,n4034
363.0,0.5,90,n4049
364.5,0.25,52,n4065
364.0,0.25,54,n4061
364.5,0.25,64,n4066
364.0,0.25,66,n4062
364.25,0.25,79,n4043
364.25,0.25,82,n4044
364.5,0.25,83,n4046
364.75,0.25,84,n4048
365.0,0.25,34,n4089
365.25,0.25,35,n4091
365.25,0.25,47,n4092
365.5,0.25,48,n4094
365.75,0.25,49,n4096
366.25,0.25,49,n4099
365.0,0.25,78,n4069
365.75,0.25,78,n4076
365.5,0.25,79,n4074
365.25,0.25,80,n4072
365.0,0.5,86,n4085
366.75,0.25,47,n4103
366.5,0.25,48,n4101
366.0,0.25,50,n4097
366.25,0.25,61,n4100
366.0,0.5,62,n4087
366.0,0.25,77,n4078
366.25,0.25,78,n4080
366.5,0.25,79,n4082
366.75,0.25,80,n4084
367.75,0.25,43,n4125
367.5,0.25,44,n4123
367.25,0.25,45,n4121
367.0,0.25,46,n4119
367.75,0.25,47,n4126
367.5,0.25,48,n4124
367.25,0.25,49,n4122
367.0,0.25,50,n4120
367.0,0.25,74,n4105
367.0,0.25,80,n4106
367.25,0.25,81,n4107
367.75,0.25,81,n4110
367.5,0.25,82,n4108
367.5,0.25,86,n4109
368.25,0.25,41,n4129
368.0,0.25,42,n4127
368.25,0.25,45,n4130
368.0,0.25,80,n4111
368.5,0.25,86,n4115
368.0,0.25,92,n4113
368.25,0.25,93,n4114
368.75,0.25,93,n4118
368.5,0.25,98,n4117
369.0,0.5,38,n4164
369.5,0.5,40,n4165
369.0,0.25,45,n4156
369.25,0.25,46,n4157
369.5,0.25,47,n4158
369.75,0.25,48,n4159
369.75,0.25,90,n4146
369.25,0.25,92,n4142
370.25,0.25,92,n4151
369.0,0.25,93,n4140
369.75,0.25,94,n4147
369.5,0.25,95,n4145
369.25,0.25,96,n4143
369.0,0.25,97,n4141
369.0,0.5,102,n4135
369.5,0.5,103,n4136
370.0,0.5,42,n4166
370.5,0.5,43,n4167
370.0,0.25,49,n4160
370.25,0.25,50,n4161
370.5,0.25,51,n4162
370.75,0.25,52,n4163
370.75,0.25,86,n4154
370.5,0.25,87,n4152
371.5,0.5,90,n4169
372.0,0.5,90,n4170
373.0,0.25,90,n4202
370.0,0.25,93,n4149
370.5,0.25,95,n4138
370.0,0.5,97,n4137
370.75,0.25,97,n4139
371.0,0.5,45,n4196
371.5,0.5,47,n4197
371.0,0.25,53,n4188
371.25,0.25,54,n4189
371.5,0.25,55,n4190
371.75,0.25,56,n4191
371.75,0.25,82,n4178
371.5,0.25,83,n4176
371.0,0.25,85,n4172
371.75,0.25,86,n4179
371.5,0.25,87,n4177
371.25,0.25,88,n4175
371.0,0.5,95,n4168
373.0,0.25,45,n4224
372.0,0.5,49,n4198
372.0,0.25,57,n4192
372.25,0.25,58,n4193
372.75,0.25,58,n4195
372.5,0.25,59,n4194
372.5,0.25,79,n4184
372.0,0.25,81,n4180
372.25,0.25,84,n4183
372.5,0.5,88,n4171
373.0,0.5,38,n4232
373.5,0.5,40,n4233
373.25,0.25,46,n4225
373.5,0.25,47,n4226
373.75,0.25,48,n4227
373.25,0.25,80,n4203
373.0,0.25,81,n4200
373.5,0.25,91,n4208
374.0,0.5,42,n4234
374.5,0.5,43,n4235
374.0,0.25,49,n4228
374.25,0.25,50,n4229
374.5,0.25,51,n4230
374.75,0.25,52,n4231
374.5,0.25,75,n4218
374.5,0.25,79,n4219
374.5,0.25,83,n4220
374.0,0.25,85,n4214
374.75,0.25,85,n4223
375.0,0.5,45,n4268
375.5,0.5,47,n4269
375.0,0.25,53,n4260
375.25,0.25,54,n4261
375.5,0.25,55,n4262
375.75,0.25,56,n4263
375.5,0.25,71,n4242
375.0,0.25,73,n4236
375.75,0.25,74,n4246
375.5,0.25,75,n4243
375.25,0.25,76,n4240
375.5,0.25,78,n4244
375.0,0.25,83,n4238
376.0,0.5,49,n4270
376.0,0.25,57,n4264
376.25,0.25,58,n4265
376.75,0.25,58,n4267
376.5,0.25,59,n4266
376.5,0.25,67,n4254
376.0,0.25,69,n4248
377.0,0.25,69,n4277
376.5,0.25,71,n4255
376.25,0.25,72,n4252
376.5,0.25,76,n4256
376.0,0.25,78,n4250
377.0,0.5,78,n4272
377.0,0.5,38,n4301
377.5,0.5,40,n4302
377.0,0.25,45,n4293
377.25,0.25,46,n4294
377.5,0.25,47,n4295
377.75,0.25,48,n4296
377.75,0.25,66,n4283
377.25,0.25,68,n4279
377.75,0.25,70,n4284
377.25,0.25,72,n4280
377.5,0.5,79,n4273
378.0,0.5,42,n4303
378.5,0.5,43,n4304
378.0,0.25,49,n4297
378.25,0.25,50,n4298
378.5,0.25,51,n4299
378.75,0.25,52,n4300
378.5,0.25,63,n4289
378.25,0.25,68,n4288
378.5,0.25,71,n4275
378.0,0.5,73,n4274
378.75,0.25,73,n4276
379.0,0.5,45,n4332
379.5,0.5,47,n4333
379.0,0.25,53,n4324
379.25,0.25,54,n4325
379.5,0.25,55,n4326
379.75,0.25,56,n4327
379.5,0.25,59,n4313
379.0,0.25,61,n4309
379.75,0.25,62,n4316
379.5,0.25,63,n4314
379.25,0.25,64,n4312
379.5,0.5,66,n4306
379.0,0.5,71,n4305
380.5,0.5,45,n4335
380.0,0.5,49,n4334
380.5,0.25,55,n4330
380.25,0.25,56,n4329
380.0,0.25,57,n4317
380.0,0.25,57,n4328
380.5,0.25,59,n4321
380.25,0.25,60,n4320
380.75,0.25,60,n4323
380.5,0.5,64,n4308
380.0,0.5,66,n4307
381.0,0.25,38,n4354
381.0,0.25,45,n4355
381.25,0.25,46,n4356
381.75,0.25,49,n4358
381.5,0.25,50,n4357
381.0,0.25,57,n4336
381.25,0.25,60,n4340
381.0,0.25,66,n4338
382.0,0.25,38,n4359
382.0,0.25,43,n4360
382.75,0.25,49,n4363
382.5,0.25,50,n4362
382.5,0.25,55,n4351
382.75,0.25,56,n4353
382.0,0.25,59,n4345
382.25,0.25,61,n4349
382.0,0.25,62,n4346
382.0,0.25,67,n4347
383.0,0.25,38,n4381
383.0,0.25,45,n4382
383.25,0.25,46,n4383
383.75,0.25,49,n4385
383.5,0.25,50,n4384
383.75,0.25,52,n4371
383.5,0.25,55,n4370
383.75,0.25,56,n4372
383.0,0.25,57,n4364
383.25,0.25,60,n4368
383.0,0.25,66,n4366
384.0,0.25,38,n4386
384.0,0.25,45,n4387
384.25,0.25,46,n4388
384.75,0.25,50,n4390
384.0,0.25,57,n4373
384.5,0.25,62,n4378
384.75,0.25,62,n4391
384.0,0.25,66,n4375
385.25,0.25,26,n4403
385.25,0.25,38,n4404
385.75,0.25,38,n4406
385.0,0.25,50,n4392
385.5,0.25,50,n4394
385.75,0.25,50,n4407
385.5,0.25,62,n4395
386.25,0.25,26,n4409
386.25,0.25,38,n4410
386.75,0.25,38,n4412
386.0,0.25,50,n4397
386.5,0.25,50,n4399
386.75,0.25,50,n4413
386.5,0.25,62,n4400
387.25,0.25,26,n4425
387.25,0.25,38,n4426
387.75,0.25,38,n4428
387.0,0.25,50,n4414
387.5,0.25,50,n4416
387.75,0.25,50,n4429
387.5,0.25,62,n4417
388.25,0.25,26,n4431
388.25,0.25,38,n4432
388.75,0.25,38,n4434
388.0,0.25,50,n4419
388.5,0.25,50,n4421
388.75,0.25,50,n4435
388.5,0.25,62,n4422
389.25,0.25,26,n4445
389.25,0.25,38,n4446
389.75,0.25,38,n4448
389.0,0.25,50,n4436
389.5,0.25,50,n4438
389.75,0.25,50,n4449
390.25,0.25,26,n4451
390.25,0.25,38,n4452
390.75,0.25,38,n4454
390.0,0.25,50,n4440
390.5,0.25,50,n4442
390.75,0.25,50,n4455
391.25,0.25,26,n4466
391.25,0.25,38,n4467
391.75,0.25,38,n4469
391.0,0.25,50,n4456
391.5,0.25,50,n4458
391.75,0.25,50,n4470
392.25,0.25,26,n4472
392.25,0.25,38,n4473
392.75,0.25,38,n4475
392.5,0.25,49,n4462
392.0,0.25,50,n4460
392.75,0.25,50,n4476
392.5,0.25,51,n4463
393.25,0.25,26,n4490
393.25,0.25,38,n4491
393.75,0.25,38,n4493
393.0,0.25,48,n4477
393.5,0.25,48,n4480
393.75,0.25,50,n4494
393.0,0.25,52,n4478
393.5,0.25,52,n4481
394.25,0.25,26,n4496
394.25,0.25,38,n4497
394.75,0.25,38,n4499
394.0,0.25,48,n4483
394.5,0.25,48,n4486
394.75,0.25,50,n4500
394.0,0.25,52,n4484
394.5,0.25,52,n4487
395.25,0.25,26,n4514
395.25,0.25,38,n4515
395.75,0.25,38,n4517
395.0,0.25,48,n4501
395.5,0.25,48,n4504
395.75,0.25,50,n4518
395.0,0.25,52,n4502
395.5,0.25,52,n4505
395.0,0.25,55,n4503
395.5,0.25,55,n4506
396.25,0.25,26,n4520
396.25,0.25,38,n4521
396.75,0.25,38,n4523
396.0,0.25,48,n4507
396.75,0.25,50,n4524
397.0,0.25,50,n4525
397.5,0.25,50,n4527
397.75,0.25,50,n4538
398.0,0.25,50,n4529
398.5,0.25,50,n4531
398.75,0.25,50,n4544
399.0,0.25,50,n4545
396.0,0.25,52,n4508
396.75,0.25,52,n4512
396.5,0.25,54,n4511
396.0,0.25,55,n4509
397.25,0.25,26,n4534
397.25,0.25,38,n4535
397.75,0.25,38,n4537
398.25,0.25,26,n4540
398.25,0.25,38,n4541
398.75,0.25,38,n4543
399.25,0.25,26,n4555
399.25,0.25,38,n4556
399.75,0.25,38,n4558
399.5,0.25,50,n4547
399.75,0.25,50,n4559
400.25,0.25,38,n4562
400.75,0.25,38,n4564
400.5,0.25,49,n4551
400.0,0.25,50,n4549
400.75,0.25,50,n4565
400.5,0.25,51,n4552
401.25,0.25,26,n4579
401.25,0.25,38,n4580
401.75,0.25,38,n4582
401.0,0.25,48,n4566
401.5,0.25,48,n4569
401.75,0.25,50,n4583
401.0,0.25,52,n4567
401.5,0.25,52,n4570
402.25,0.25,26,n4585
402.25,0.25,38,n4586
402.75,0.25,38,n4588
402.0,0.25,48,n4572
402.5,0.25,48,n4575
402.75,0.25,50,n4589
402.0,0.25,52,n4573
402.5,0.25,52,n4576
403.25,0.25,26,n4603
403.25,0.25,38,n4604
403.75,0.25,38,n4606
403.0,0.25,48,n4590
403.5,0.25,48,n4593
403.75,0.25,50,n4607
403.0,0.25,52,n4591
403.5,0.25,52,n4594
403.0,0.25,55,n4592
403.5,0.25,55,n4595
404.25,0.25,26,n4609
404.25,0.25,38,n4610
404.75,0.25,38,n4612
404.0,0.25,48,n4596
404.5,0.25,50,n4599
404.75,0.25,50,n4613
404.0,0.25,52,n4597
404.75,0.25,52,n4601
404.5,0.25,53,n4600
404.0,0.25,55,n4598
405.25,0.25,26,n4623
405.25,0.25,38,n4624
405.75,0.25,38,n4626
405.0,0.25,50,n4614
405.5,0.25,50,n4616
405.75,0.25,50,n4627
406.25,0.25,26,n4629
406.25,0.25,38,n4630
406.75,0.25,38,n4632
406.0,0.25,50,n4618
406.5,0.25,50,n4620
406.75,0.25,50,n4633
407.25,0.25,26,n4644
407.25,0.25,38,n4645
407.75,0.25,38,n4647
407.0,0.25,50,n4634
407.5,0.25,50,n4636
407.75,0.25,50,n4648
408.25,0.25,26,n4650
408.25,0.25,38,n4651
408.75,0.25,38,n4653
408.5,0.25,49,n4640
408.0,0.25,50,n4638
408.75,0.25,50,n4654
408.5,0.25,51,n4641
409.25,0.25,26,n4668
409.25,0.25,38,n4669
409.75,0.25,38,n4671
409.0,0.25,48,n4655
409.5,0.25,48,n4658
409.75,0.25,50,n4672
409.0,0.25,52,n4656
409.5,0.25,52,n4659
410.25,0.25,26,n4674
410.25,0.25,38,n4675
410.75,0.25,38,n4677
410.0,0.25,48,n4661
410.5,0.25,48,n4664
410.75,0.25,50,n4678
410.0,0.25,52,n4662
410.5,0.25,52,n4665
411.25,0.25,26,n4692
411.25,0.25,38,n4693
411.75,0.25,38,n4695
411.0,0.25,48,n4679
411.5,0.25,48,n4682
411.75,0.25,50,n4696
411.0,0.25,52,n4680
411.5,0.25,52,n4683
412.25,0.25,26,n4698
412.25,0.25,38,n4699
412.75,0.25,38,n4701
412.5,0.25,47,n4688
412.0,0.25,48,n4685
412.75,0.25,50,n4702
412.0,0.25,52,n4686
412.5,0.25,53,n4689
413.25,0.25,26,n4716
413.25,0.25,38,n4717
413.75,0.25,38,n4719
413.0,0.25,46,n4703
413.5,0.25,46,n4706
413.75,0.25,50,n4720
413.0,0.25,54,n4704
413.5,0.25,54,n4707
414.25,0.25,26,n4722
414.25,0.25,38,n4723
414.75,0.25,38,n4725
414.0,0.25,46,n4709
414.5,0.25,46,n4712
414.75,0.25,50,n4726
414.0,0.25,54,n4710
414.5,0.25,54,n4713
415.25,0.25,26,n4740
415.25,0.25,38,n4741
415.75,0.25,38,n4743
415.0,0.25,46,n4727
415.5,0.25,46,n4730
415.75,0.25,50,n4744
415.0,0.25,54,n4728
415.5,0.25,54,n4731
416.25,0.25,26,n4746
416.25,0.25,38,n4747
416.75,0.25,38,n4749
416.5,0.25,45,n4736
416.0,0.25,46,n4733
416.75,0.25,50,n4750
416.0,0.25,54,n4734
416.5,0.25,55,n4737
417.25,0.25,26,n4764
417.25,0.25,38,n4765
417.75,0.25,38,n4767
417.0,0.25,44,n4751
417.5,0.25,44,n4754
418.0,0.25,44,n4757
418.5,0.25,44,n4760
419.5,0.25,44,n4778
417.75,0.25,50,n4768
417.0,0.25,56,n4752
417.5,0.25,56,n4755
418.25,0.25,26,n4770
419.25,0.25,26,n4788
418.25,0.25,38,n4771
419.25,0.25,38,n4789
419.75,0.25,38,n4791
418.75,0.25,38,n4773
418.75,0.25,50,n4774
418.0,0.25,56,n4758
418.5,0.25,56,n4761
419.75,0.25,50,n4792
419.0,0.25,56,n4776
419.5,0.25,56,n4779
420.25,0.25,26,n4794
420.25,0.25,38,n4795
420.75,0.25,38,n4797
420.0,0.25,44,n4781
420.5,0.25,44,n4784
420.75,0.25,50,n4798
420.0,0.25,56,n4782
420.5,0.25,56,n4785
421.25,0.25,26,n4808
421.75,0.25,26,n4811
423.75,0.25,26,n4831
421.0,0.25,38,n4799
421.25,0.25,38,n4809
422.0,0.25,38,n4803
421.5,0.25,38,n4801
423.25,0.25,38,n4829
421.75,0.25,38,n4812
424.0,0.25,38,n4823
422.25,0.25,26,n4814
422.75,0.25,26,n4817
422.25,0.25,38,n4815
422.5,0.25,38,n4805
422.75,0.25,38,n4818
423.25,0.25,26,n4828
423.0,0.25,38,n4819
423.5,0.25,38,n4821
423.75,0.25,38,n4832
424.25,0.25,26,n4834
424.75,0.25,26,n4837
424.25,0.25,38,n4835
424.5,0.25,38,n4825
424.75,0.25,38,n4838
425.25,0.25,26,n4848
425.75,0.25,26,n4851
425.0,0.25,38,n4839
425.25,0.25,38,n4849
425.5,0.25,38,n4841
425.75,0.25,38,n4852
426.25,0.25,26,n4854
426.0,0.25,38,n4843
426.25,0.25,38,n4855
426.5,0.25,38,n4845
426.75,0.25,40,n4846
427.5,0.25,26,n4871
427.0,0.25,33,n4869
427.25,0.25,38,n4870
427.75,0.25,38,n4872
427.0,0.25,41,n4857
427.25,0.25,42,n4858
427.5,0.25,42,n4860
427.75,0.25,43,n4861
427.25,0.25,45,n4859
427.75,0.25,46,n4862
428.5,0.25,26,n4875
428.0,0.25,33,n4873
428.25,0.25,38,n4874
428.75,0.25,38,n4876
428.0,0.25,43,n4863
428.25,0.25,44,n4864
428.5,0.25,44,n4866
428.75,0.25,45,n4867
428.25,0.25,47,n4865
428.75,0.25,48,n4868
429.5,0.25,26,n4891
429.0,0.25,33,n4889
429.25,0.25,38,n4890
429.75,0.25,38,n4892
429.0,0.25,45,n4877
429.25,0.25,46,n4878
429.5,0.25,46,n4880
429.75,0.25,47,n4881
429.25,0.25,49,n4879
429.75,0.25,50,n4882
430.5,0.25,26,n4895
430.0,0.25,33,n4893
430.25,0.25,38,n4894
430.75,0.25,38,n4896
430.0,0.25,47,n4883
430.25,0.25,48,n4884
430.5,0.25,48,n4886
430.75,0.25,49,n4887
430.25,0.25,51,n4885
430.75,0.25,52,n4888
431.5,0.25,26,n4911
431.0,0.25,33,n4909
431.25,0.25,38,n4910
431.75,0.25,38,n4912
431.0,0.25,50,n4897
431.25,0.25,51,n4898
431.5,0.25,52,n4900
431.75,0.25,53,n4901
431.25,0.25,54,n4899
431.75,0.25,56,n4902
432.5,0.25,26,n4915
432.0,0.25,33,n4913
432.25,0.25,38,n4914
432.75,0.25,38,n4916
432.0,0.25,54,n4903
432.25,0.25,55,n4904
432.5,0.25,56,n4906
432.75,0.25,57,n4907
432.25,0.25,58,n4905
432.75,0.25,60,n4908
433.5,0.25,26,n4931
433.0,0.25,33,n4929
433.25,0.25,38,n4930
433.75,0.25,38,n4932
433.0,0.25,58,n4917
433.25,0.25,59,n4918
433.5,0.25,60,n4920
433.75,0.25,61,n4921
433.25,0.25,62,n4919
433.75,0.25,64,n4922
434.5,0.25,26,n4935
434.0,0.25,33,n4933
434.25,0.25,38,n4934
434.75,0.25,38,n4936
434.0,0.25,62,n4923
434.5,0.25,64,n4926
434.75,0.25,65,n4927
434.25,0.25,66,n4925
434.75,0.25,68,n4928
435.5,0.25,21,n4951
435.25,0.25,26,n4950
435.0,0.25,38,n4949
435.0,0.25,65,n4937
435.25,0.25,66,n4938
435.5,0.25,66,n4940
435.75,0.25,67,n4941
435.25,0.25,69,n4939
435.75,0.25,70,n4942
436.5,0.25,21,n4955
436.25,0.25,26,n4954
436.0,0.25,38,n4953
436.0,0.25,67,n4943
436.25,0.25,68,n4944
436.5,0.25,68,n4946
436.75,0.25,69,n4947
436.25,0.25,71,n4945
436.75,0.25,72,n4948
437.5,0.25,21,n4971
437.0,0.25,38,n4969
437.0,0.25,69,n4957
437.25,0.25,70,n4958
437.5,0.25,70,n4960
437.75,0.25,71,n4961
437.25,0.25,73,n4959
437.75,0.25,74,n4962
438.5,0.25,21,n4975
439.0,0.5,26,n4989
440.0,0.5,26,n4993
438.0,0.25,38,n4973
438.0,0.25,71,n4963
438.25,0.25,72,n4964
438.5,0.25,72,n4966
438.75,0.25,73,n4967
438.25,0.25,75,n4965
438.75,0.25,76,n4968
439.5,0.5,21,n4991
439.5,0.5,33,n4992
439.0,0.5,38,n4990
439.0,0.25,74,n4977
439.25,0.25,75,n4978
439.5,0.25,76,n4980
439.75,0.25,77,n4981
439.25,0.25,78,n4979
439.75,0.25,80,n4982
440.5,0.5,21,n4995
440.5,0.5,33,n4996
440.0,0.5,38,n4994
440.0,0.25,78,n4983
440.25,0.25,79,n4984
440.5,0.25,80,n4986
440.75,0.25,81,n4987
440.25,0.25,82,n4985
440.75,0.25,84,n4988
441.5,0.5,21,n5011
441.0,0.5,26,n5009
441.5,0.5,33,n5012
441.0,0.5,38,n5010
441.0,0.25,82,n4997
441.25,0.25,83,n4998
441.5,0.25,84,n5000
441.75,0.25,85,n5001
441.25,0.25,86,n4999
441.75,0.25,88,n5002
442.5,0.5,21,n5015
442.0,0.5,26,n5013
442.5,0.5,33,n5016
442.0,0.5,38,n5014
442.0,0.25,86,n5003
442.25,0.25,87,n5004
442.5,0.25,88,n5006
442.75,0.25,89,n5007
442.25,0.25,90,n5005
442.75,0.25,92,n5008
443.25,0.25,38,n5035
443.75,0.25,38,n5039
443.0,0.25,42,n5033
443.5,0.25,42,n5037
443.0,0.25,46,n5034
443.5,0.25,46,n5038
443.25,0.25,50,n5036
443.75,0.25,50,n5040
443.0,0.25,86,n5017
443.25,0.25,90,n5019
443.5,0.25,94,n5021
443.75,0.25,94,n5023
443.0,0.25,98,n5018
443.25,0.25,102,n5020
443.5,0.25,106,n5022
443.75,0.25,106,n5024
444.25,0.25,38,n5043
444.75,0.25,38,n5047
444.0,0.25,42,n5041
444.5,0.25,42,n5045
444.0,0.25,46,n5042
444.5,0.25,46,n5046
444.25,0.25,50,n5044
444.75,0.25,50,n5048
444.5,0.25,86,n5029
444.75,0.25,86,n5031
444.0,0.25,90,n5025
444.25,0.25,94,n5027
444.5,0.25,98,n5030
444.75,0.25,98,n5032
444.0,0.25,102,n5026
444.25,0.25,106,n5028
445.25,0.25,38,n5067
445.75,0.25,38,n5071
445.0,0.25,42,n5065
445.5,0.25,42,n5069
445.0,0.25,46,n5066
445.5,0.25,46,n5070
445.25,0.25,50,n5068
445.75,0.25,50,n5072
445.0,0.25,86,n5049
445.25,0.25,90,n5051
445.5,0.25,94,n5053
445.75,0.25,94,n5055
445.0,0.25,98,n5050
445.25,0.25,102,n5052
445.5,0.25,106,n5054
445.75,0.25,106,n5056
446.25,0.25,38,n5075
446.0,0.25,42,n5073
446.5,0.25,42,n5077
446.0,0.25,46,n5074
446.5,0.25,46,n5078
446.25,0.25,50,n5076
446.75,0.25,50,n5080
447.25,0.25,50,n5099
446.5,0.25,86,n5061
446.75,0.25,86,n5063
446.0,0.25,90,n5057
446.25,0.25,94,n5059
446.75,0.25,98,n5064
446.0,0.25,102,n5058
446.25,0.25,106,n5060
447.25,0.25,38,n5098
447.75,0.25,38,n5101
447.0,0.25,44,n5097
447.0,2.0,44,n5109
447.5,0.25,44,n5100
448.0,0.25,44,n5103
447.75,0.25,50,n5102
447.0,0.25,86,n5081
447.25,0.25,90,n5083
447.5,0.25,94,n5085
447.75,0.25,94,n5087
447.0,0.25,98,n5082
447.25,0.25,102,n5084
447.5,0.25,106,n5086
447.75,0.25,106,n5088
448.25,0.25,38,n5104
448.75,0.25,38,n5107
448.5,0.25,44,n5106
448.25,0.25,50,n5105
448.75,0.25,50,n5108
448.0,0.25,86,n5089
448.25,0.25,90,n5091
448.5,0.25,94,n5093
448.75,0.25,94,n5095
448.0,0.25,98,n5090
448.25,0.25,102,n5092
448.5,0.25,106,n5094
448.75,0.25,106,n5096
449.25,0.25,26,n5111
449.75,0.25,38,n5113
450.0,0.25,38,n5114
449.5,0.25,45,n5112
450.25,0.25,31,n5115
450.75,0.25,31,n5117
450.5,0.25,33,n5116
451.0,0.5,26,n5122
451.0,0.5,38,n5123
451.0,0.5,86,n5118
451.0,0.5,98,n5119
